,ratio,LAngle,RAngle
0,0.28571428571428553,0.0,5.440332031005511
1,0.1025641025641026,6.340191745909912,0.0
2,0.3809523809523815,-5.856013585428959,-18.434948822922035
3,0.7619047619047622,-11.592175410291073,-29.054604099077146
4,0.7619047619047622,-11.592175410291073,-29.054604099077146
5,0.7619047619047622,-11.592175410291073,-29.054604099077146
6,0.7619047619047622,-11.592175410291073,-31.218402764346408
7,0.7179487179487181,-12.528807709151511,-31.218402764346408
8,0.5714285714285716,-5.856013585428959,-25.86635679409455
9,0.6666666666666657,-6.911227119024679,-28.072486935852936
10,0.5555555555555547,-6.340191745909858,-21.80140948635177
11,0.4761904761904752,-17.102728969052333,-23.962488974578118
12,0.5128205128205126,-23.962488974578207,-23.962488974578207
13,0.5128205128205133,0.0,-18.434948822922042
14,0.555555555555556,-23.96248897457816,-13.626994859891477
15,0.5128205128205126,-23.962488974578207,-18.434948822922035
16,0.3076923076923086,-12.528807709151511,-12.528807709151511
17,0.3333333333333333,-12.528807709151511,0.0
18,0.3076923076923075,-6.340191745909915,-6.911227119024683
19,0.4102564102564101,6.34019174590989,-12.528807709151522
20,0.33333333333333365,0.0,-14.931417178137494
21,0.7719298245614034,0.0,-14.931417178137554
22,0.4000000000000004,-7.594643368591453,-14.931417178137568
23,0.421052631578947,-11.592175410291077,-11.592175410291077
24,0.41025641025641074,-6.34019174590991,-18.434948822922035
25,0.30769230769230776,-12.528807709151511,-6.911227119024679
26,0.30769230769230776,-12.528807709151511,6.34019174590991
27,0.3076923076923073,-12.528807709151486,6.34019174590991
28,0.3076923076923073,-6.34019174590991,13.626994859891509
29,0.22222222222222246,0.0,6.911227119024679
30,0.38095238095238093,10.78429786756261,0.0
31,0.38095238095238126,11.592175410291093,0.0
32,0.5128205128205133,11.592175410291093,0.0
33,0.615384615384616,17.1027289690524,0.0
34,0.7179487179487183,22.30620505490765,0.0
35,0.19047619047619024,-5.440332031005511,-11.59217541029105
36,0.6666666666666665,23.962488974578182,0.0
37,0.6666666666666665,23.962488974578182,0.0
38,0.5128205128205131,17.102728969052368,-6.340191745909926
39,0.5128205128205131,11.592175410291082,-12.528807709151492
40,0.5128205128205129,5.856013585428963,-5.856013585428963
41,0.5128205128205129,11.592175410291082,-6.340191745909912
42,0.5128205128205129,11.592175410291082,-5.856013585428963
43,0.5555555555555554,12.528807709151517,-6.340191745909912
44,0.5128205128205129,12.528807709151517,-11.592175410291082
45,0.5555555555555558,12.528807709151517,-6.340191745909912
46,0.20512820512820476,-5.856013585428959,-12.528807709151486
47,0.5555555555555558,12.528807709151517,-12.528807709151517
48,0.5555555555555558,6.340191745909912,-12.528807709151517
49,0.5555555555555558,6.340191745909912,-12.528807709151517
50,0.6060606060606062,6.911227119024683,-13.626994859891543
51,0.6060606060606062,7.59464336859145,-14.931417178137561
52,0.484848484848485,0.0,-14.931417178137561
53,0.5333333333333337,0.0,-16.504361381755036
54,0.5333333333333337,7.59464336859145,-14.931417178137561
55,0.484848484848485,0.0,-13.626994859891543
56,0.2857142857142862,-5.856013585428935,-12.528807709151536
57,0.4444444444444444,0.0,-14.931417178137561
58,0.4444444444444444,6.34019174590991,-12.528807709151511
59,0.4444444444444444,6.34019174590991,-12.528807709151511
60,0.41025641025641035,5.856013585428959,-12.528807709151511
61,0.19047619047619094,-5.856013585428935,-11.592175410291096
62,0.3076923076923073,-6.340191745909961,-12.528807709151511
63,0.20512820512820518,-11.592175410291073,-11.592175410291073
64,0.3333333333333335,-12.528807709151467,-6.340191745909861
65,0.2051282051282052,6.911227119024683,-6.340191745909912
66,0.3333333333333326,-18.43494882292197,-6.340191745909861
67,0.3333333333333326,-12.528807709151517,0.0
68,0.5128205128205126,0.0,17.102728969052375
69,0.41025641025641074,0.0,-18.434948822922042
70,0.3076923076923078,-12.528807709151517,0.0
71,0.3076923076923078,-12.528807709151517,0.0
72,0.3076923076923078,-12.528807709151517,0.0
73,0.2051282051282052,-6.340191745909912,0.0
74,0.2051282051282052,-6.340191745909912,-6.340191745909912
75,0.3076923076923074,0.0,-13.626994859891516
76,0.11111111111111113,6.3401917459099115,6.3401917459099115
77,0.333333333333333,0.0,-12.52880770915149
78,0.22222222222222182,-6.3401917459099115,0.0
79,0.33333333333333365,-18.434948822922028,0.0
80,0.30769230769230804,-12.528807709151527,0.0
81,0.30769230769230815,-6.34019174590991,-19.98310652190001
82,0.2222222222222225,-6.3401917459099115,0.0
83,0.12121212121212127,0.0,0.0
84,0.11111111111111091,0.0,-6.911227119024671
85,0.205128205128205,5.856013585428948,-6.340191745909913
86,0.22222222222222215,6.340191745909901,-6.340191745909913
87,0.4444444444444441,6.911227119024657,-12.528807709151513
88,0.3333333333333333,0.0,-12.52880770915152
89,0.44444444444444453,6.340191745909913,-6.340191745909913
90,0.44444444444444453,13.626994859891534,-6.340191745909913
91,0.33333333333333354,6.340191745909913,-6.340191745909913
92,0.3636363636363638,6.911227119024685,-6.911227119024685
93,0.2857142857142854,0.0,-18.43494882292199
94,0.4444444444444446,8.426969021480677,-8.426969021480677
95,0.5000000000000003,10.784297867562612,-10.784297867562612
96,0.5714285714285716,10.784297867562604,-10.784297867562604
97,0.5925925925925924,8.426969021480677,-8.426969021480677
98,0.22222222222222227,6.3401917459099115,0.0
99,0.48484848484848486,13.626994859891546,0.0
100,0.48484848484848486,13.626994859891546,0.0
101,0.44444444444444453,13.626994859891546,0.0
102,0.44444444444444475,12.52880770915152,-6.340191745909913
103,0.33333333333333354,6.340191745909913,-12.52880770915152
104,0.44444444444444453,12.528807709151508,-6.340191745909913
105,0.30769230769230776,5.856013585429006,-11.592175410291027
106,0.44444444444444453,6.340191745909901,-12.52880770915152
107,0.44444444444444453,6.340191745909901,-12.52880770915152
108,0.3333333333333333,6.340191745909901,-6.340191745909913
109,0.11111111111111113,0.0,6.3401917459099115
110,0.3333333333333333,0.0,-12.528807709151508
111,0.41025641025641024,0.0,-18.43494882292201
112,0.44444444444444453,0.0,-18.43494882292201
113,0.48484848484848486,6.911227119024671,-13.626994859891546
114,0.3333333333333333,6.911227119024671,-13.626994859891546
115,0.3636363636363636,6.911227119024671,-13.626994859891546
116,0.22222222222222238,6.911227119024685,-6.911227119024685
117,0.30769230769230693,-6.34019174590991,-12.528807709151511
118,0.22222222222222238,12.52880770915152,0.0
119,0.22222222222222238,6.340191745909913,-6.340191745909913
120,0.2051282051282052,-5.85601358542896,0.0
121,0.22222222222222238,6.340191745909913,-6.340191745909913
122,0.22222222222222238,-6.340191745909913,0.0
123,0.22222222222222215,-6.340191745909901,6.340191745909913
124,0.3333333333333334,-6.34019174590992,12.528807709151508
125,0.44444444444444453,-6.9112271190246775,19.983106521899984
126,0.44444444444444453,0.0,19.983106521899977
127,0.3333333333333334,-6.340191745909913,13.62699485989154
128,0.3076923076923078,0.0,13.626994859891546
129,0.30769230769230776,-12.528807709151511,0.0
130,0.3333333333333334,0.0,6.340191745909913
131,0.2051282051282052,0.0,0.0
132,0.3333333333333334,6.340191745909911,6.340191745909911
133,0.22222222222222227,0.0,0.0
134,0.20512820512820515,0.0,-6.911227119024681
135,0.22222222222222224,0.0,0.0
136,0.22222222222222224,0.0,0.0
137,0.11111111111111113,6.911227119024683,6.911227119024683
138,0.11111111111111113,0.0,-6.340191745909911
139,0.22222222222222227,6.340191745909911,0.0
140,0.22222222222222227,6.340191745909911,0.0
141,0.30769230769230776,-17.102728969052375,-11.592175410291073
142,0.1025641025641026,0.0,0.0
143,0.22222222222222227,6.340191745909911,6.340191745909911
144,0.33333333333333337,12.528807709151511,6.340191745909911
145,0.4444444444444445,12.528807709151511,6.340191745909911
146,0.4444444444444445,12.528807709151511,0.0
147,0.4444444444444445,12.528807709151511,6.340191745909911
148,0.4444444444444445,12.528807709151511,0.0
149,0.4444444444444445,12.528807709151511,0.0
150,0.33333333333333337,6.340191745909909,-6.340191745909911
151,0.33333333333333337,6.340191745909909,0.0
152,0.4444444444444445,12.528807709151511,0.0
153,0.19047619047618977,5.440332031005465,-5.856013585428959
154,0.30769230769230776,-17.102728969052375,0.0
155,0.4444444444444445,12.528807709151511,0.0
156,0.4444444444444445,13.62699485989154,0.0
157,0.4444444444444445,13.62699485989154,0.0
158,0.4444444444444445,13.62699485989154,0.0
159,0.6060606060606061,19.983106521899984,0.0
160,0.5555555555555557,18.434948822922017,0.0
161,0.4444444444444446,12.528807709151513,0.0
162,0.4444444444444446,12.528807709151513,0.0
163,0.4444444444444446,18.434948822922017,0.0
164,0.333333333333333,0.0,-12.528807709151513
165,0.2857142857142858,10.784297867562604,-5.440332031005509
166,0.5555555555555557,18.434948822922017,0.0
167,0.20512820512820518,-11.592175410291073,0.0
168,0.5555555555555557,18.434948822922017,0.0
169,0.5128205128205128,23.962488974578193,5.856013585428959
170,0.5128205128205128,18.434948822922017,0.0
171,0.5128205128205129,23.962488974578193,0.0
172,0.5128205128205128,25.86635679409452,0.0
173,0.44444444444444475,18.434948822922024,0.0
174,0.33333333333333354,12.52880770915152,6.340191745909907
175,0.3076923076923076,5.856013585428966,11.59217541029107
176,0.3809523809523807,5.856013585429006,-10.784297867562561
177,0.22222222222222227,0.0,6.340191745909901
178,0.3333333333333333,0.0,6.3401917459099115
179,0.20512820512820518,-11.592175410291073,0.0
180,0.3333333333333332,6.3401917459099115,12.528807709151513
181,0.3076923076923078,12.528807709151513,5.85601358542896
182,0.41025641025641024,18.434948822922003,0.0
183,0.41025641025641024,18.434948822922003,0.0
184,0.3076923076923076,13.62699485989153,0.0
185,0.3076923076923078,12.528807709151529,0.0
186,0.20512820512820543,12.528807709151527,0.0
187,0.3809523809523807,5.4403320310055525,-10.784297867562561
188,0.22222222222222188,6.911227119024655,0.0
189,0.22222222222222182,6.911227119024683,6.911227119024683
190,0.22222222222222232,-6.340191745909912,6.340191745909912
191,0.24242424242424154,0.0,0.0
192,0.30769230769230776,-11.592175410291073,0.0
193,0.11111111111111116,-6.340191745909912,-6.340191745909912
194,0.22222222222222232,-6.340191745909912,6.340191745909912
195,0.20512820512820518,-6.340191745909912,5.856013585428959
196,0.11111111111111116,6.911227119024683,6.340191745909912
197,0.30769230769230693,12.528807709151467,0.0
198,0.476190476190476,0.0,-17.102728969052375
199,0.3333333333333335,18.43494882292202,0.0
200,0.30769230769230776,11.592175410291073,-5.856013585428959
201,0.4102564102564099,11.592175410291096,-11.592175410291027
202,0.38095238095238065,5.440332031005486,-10.784297867562604
203,0.4761904761904759,5.440332031005486,-5.8560135854290065
204,0.20512820512820518,-5.856013585428959,-5.856013585428959
205,0.41025641025641074,0.0,-11.592175410291096
206,0.38095238095238143,0.0,-11.592175410291096
207,0.3076923076923073,-5.856013585428959,-11.59217541029105
208,0.2051282051282052,-6.340191745909912,-6.340191745909912
209,0.4444444444444441,6.340191745909885,-12.528807709151513
210,0.3076923076923078,-11.592175410291077,-5.85601358542896
211,0.3076923076923078,-11.592175410291077,-5.85601358542896
212,0.3076923076923078,-6.340191745909912,-12.528807709151517
213,0.20512820512820518,-6.34019174590991,-12.528807709151511
214,0.48484848484848597,0.0,-14.931417178137561
215,0.4848484848484857,-7.59464336859145,-18.434948822922024
216,0.20512820512820476,0.0,-5.856013585428935
217,0.952380952380952,-38.65980825409019,-38.65980825409019
218,1.1111111111111112,-46.847610265994646,-46.847610265994646
219,1.1111111111111112,-46.847610265994646,-46.847610265994646
220,0.4102564102564099,5.856013585428935,-11.592175410291073
221,0.952380952380952,-46.847610265994646,-46.847610265994646
222,1.1428571428571441,-37.303948277983416,-53.13010235415597
223,1.1428571428571441,-43.60281897270366,-57.99461679191654
224,1.333333333333333,-43.60281897270366,-57.99461679191654
225,1.333333333333333,-63.43494882292203,-63.43494882292203
226,1.5238095238095237,-57.9946167919165,-66.8014094863518
227,1.7777777777777768,-61.82140989004083,-69.44395478041652
228,0.3076923076923073,0.0,-12.528807709151492
229,1.9999999999999991,-61.82140989004083,-69.44395478041652
230,1.9999999999999991,-66.80140948635183,-74.29136217098427
231,0.3809523809523807,5.440332031005487,-10.784297867562604
232,1.9999999999999991,-69.44395478041655,-75.96375653207353
233,2.666666666666667,-69.44395478041655,-75.96375653207353
234,2.2222222222222214,-69.44395478041655,-75.96375653207353
235,2.2222222222222214,-69.44395478041655,-75.96375653207353
236,2.2222222222222214,-69.44395478041655,-75.96375653207353
237,2.933333333333334,-69.44395478041655,-75.96375653207353
238,2.4444444444444438,-67.38013505195958,-77.31961650818019
239,2.4444444444444438,-67.38013505195958,-77.31961650818019
240,0.20512820512820476,0.0,-6.340191745909912
241,2.4444444444444438,-71.56505117707798,-81.46923439005187
242,0.476190476190476,0.0,-15.945395900922842
243,2.933333333333334,-71.56505117707798,-81.46923439005187
244,2.933333333333334,-71.56505117707798,-77.31961650818019
245,2.4444444444444438,-71.56505117707798,-81.46923439005187
246,2.4444444444444438,-71.56505117707798,-81.46923439005187
247,2.933333333333334,-71.56505117707798,-81.46923439005187
248,2.933333333333334,-71.56505117707798,-77.31961650818019
249,2.933333333333334,-71.56505117707798,-81.46923439005187
250,2.933333333333334,-71.56505117707798,-81.46923439005187
251,2.4444444444444438,-71.56505117707798,-81.46923439005187
252,0.20512820512820543,0.0,-6.340191745909926
253,0.476190476190476,0.0,-15.945395900922842
254,2.933333333333334,-71.56505117707798,-77.31961650818019
255,2.933333333333334,-71.56505117707798,-77.31961650818019
256,2.933333333333334,-71.56505117707798,-81.46923439005187
257,2.933333333333334,-71.56505117707798,-81.46923439005187
258,2.933333333333334,-71.56505117707798,-81.46923439005187
259,3.6666666666666705,-75.96375653207353,-81.46923439005187
260,2.2222222222222214,-69.44395478041652,-80.53767779197437
261,2.666666666666667,-74.29136217098427,-80.53767779197437
262,2.666666666666667,-74.29136217098427,-80.53767779197437
263,2.4000000000000004,-74.29136217098427,-79.3803447238449
264,0.476190476190476,0.0,-17.102728969052354
265,0.10256410256410281,-5.856013585428972,-5.856013585428972
266,1.9999999999999991,-74.29136217098427,-79.3803447238449
267,1.7777777777777768,-74.29136217098427,-79.3803447238449
268,1.7777777777777768,-63.43494882292203,-72.18111108547723
269,1.333333333333333,-59.0362434679265,-59.0362434679265
270,1.3333333333333335,-63.43494882292203,-65.77225468204587
271,1.1428571428571441,-53.13010235415597,-46.84761026599459
272,1.1428571428571426,-57.9946167919165,-53.13010235415597
273,0.3333333333333331,-12.528807709151495,0.0
274,0.2222222222222225,0.0,6.3401917459099115
275,0.3333333333333331,-12.528807709151495,0.0
276,0.20512820512820543,-5.85601358542896,-5.85601358542896
277,0.3333333333333331,-13.62699485989152,0.0
278,0.24242424242424204,-13.62699485989152,-6.911227119024685
279,0.24242424242424204,-6.911227119024657,-6.911227119024657
280,0.40000000000000063,-7.5946433685914165,-14.931417178137586
281,0.4848484848484846,-6.911227119024657,-21.80140948635179
282,0.5333333333333329,0.0,-14.931417178137558
283,0.4848484848484845,0.0,-13.626994859891543
284,0.4848484848484845,0.0,-13.626994859891543
285,0.5714285714285713,5.440332031005509,-17.102728969052354
286,0.5333333333333329,0.0,-14.931417178137558
287,0.592592592592592,8.42696902148064,-16.504361381755018
288,0.3076923076923078,-11.592175410291063,0.0
289,0.5000000000000007,0.0,-9.462322208025693
290,0.3809523809523819,10.784297867562561,-10.78429786756269
291,0.3809523809523819,10.784297867562561,-10.78429786756269
292,0.5000000000000007,9.462322208025581,-9.462322208025693
293,0.5000000000000007,9.462322208025581,-9.462322208025693
294,0.3809523809523816,10.784297867562554,0.0
295,0.7619047619047609,20.8544580395783,-10.784297867562682
296,0.4761904761904768,0.0,-11.592175410291096
297,0.49999999999999933,9.462322208025581,-9.462322208025693
298,0.5000000000000007,10.784297867562561,-10.78429786756269
299,0.33333333333333404,0.0,-10.78429786756269
300,0.4102564102564104,-17.102728969052368,-6.3401917459099115
301,0.5000000000000007,0.0,-9.462322208025693
302,0.5000000000000007,9.462322208025581,-9.462322208025693
303,0.666666666666666,9.462322208025581,-20.85445803957834
304,0.666666666666666,9.462322208025581,-20.85445803957834
305,0.666666666666666,9.462322208025581,-20.85445803957834
306,0.4761904761904768,0.0,-11.592175410291096
307,0.666666666666666,9.462322208025581,-20.85445803957834
308,0.666666666666666,9.462322208025581,-20.85445803957834
309,0.666666666666666,9.462322208025581,-20.85445803957834
310,0.24242424242424254,0.0,-6.911227119024629
311,0.4444444444444443,-18.434948822922003,0.0
312,0.666666666666666,0.0,-29.744881296942182
313,0.666666666666666,0.0,-29.744881296942182
314,0.666666666666666,0.0,-29.744881296942182
315,0.4761904761904759,0.0,-11.592175410291096
316,0.5000000000000007,0.0,-20.85445803957838
317,0.5000000000000007,9.462322208025581,-10.784297867562682
318,0.5714285714285724,10.784297867562561,-10.78429786756269
319,0.4444444444444452,8.426969021480641,-9.462322208025693
320,0.592592592592592,8.42696902148064,-8.42696902148074
321,0.40000000000000074,7.594643368591418,-7.594643368591511
322,0.4444444444444443,-18.434948822922003,0.0
323,0.5333333333333331,7.594643368591418,-14.931417178137561
324,0.5333333333333331,7.594643368591418,-14.931417178137561
325,0.3999999999999997,7.594643368591418,-14.931417178137561
326,0.41025641025641,11.592175410291052,-11.592175410291077
327,0.3999999999999997,7.594643368591418,-7.594643368591511
328,0.3999999999999997,14.93141717813759,-7.594643368591388
329,0.36363636363636326,14.93141717813759,-6.911227119024627
330,0.36363636363636326,0.0,-13.626994859891543
331,0.36363636363636326,0.0,-13.626994859891543
332,0.5333333333333329,0.0,-14.931417178137558
333,0.5333333333333329,0.0,-21.80140948635179
334,0.3333333333333332,-12.528807709151513,6.340191745909898
335,0.4848484848484856,0.0,-14.931417178137586
336,0.3636363636363643,-6.911227119024657,-13.626994859891573
337,0.4761904761904759,0.0,-11.592175410291096
338,0.24242424242424204,-6.911227119024685,-13.62699485989152
339,0.12121212121212127,-6.911227119024685,-6.911227119024685
340,0.13333333333333336,-7.594643368591447,0.0
341,0.2666666666666667,-7.594643368591447,0.0
342,0.8888888888888885,8.426969021480641,8.426969021480641
343,0.5,-9.462322208025617,-9.462322208025617
344,0.7619047619047637,-10.784297867562604,-10.784297867562604
345,0.8888888888888915,-12.528807709151522,-12.528807709151522
346,0.3333333333333334,-12.528807709151513,6.3401917459099115
347,1.0666666666666693,-28.072486935852968,-28.072486935852968
348,0.4761904761904759,0.0,-11.592175410291098
349,1.111111111111113,-38.65980825409011,-14.931417178137561
350,1.111111111111113,-38.65980825409011,-28.072486935852968
351,1.111111111111113,-46.84761026599467,-46.84761026599467
352,0.9523809523809542,-33.690067525979885,-46.84761026599467
353,0.9523809523809542,-53.130102354156016,-53.130102354156016
354,1.3333333333333353,-46.847610265994646,-53.130102354156016
355,1.1428571428571426,-29.744881296942268,-53.130102354156016
356,0.8333333333333333,-18.43494882292206,-46.847610265994646
357,0.9523809523809535,-29.744881296942268,-53.130102354156016
358,0.3076923076923078,-6.3401917459099115,12.528807709151513
359,0.5128205128205127,0.0,-11.592175410291098
360,0.761904761904763,-29.744881296942268,-46.847610265994646
361,0.9523809523809535,-29.744881296942268,-53.130102354156016
362,0.9523809523809535,-29.744881296942268,-53.130102354156016
363,0.9523809523809535,-29.744881296942268,-53.130102354156016
364,0.9523809523809535,-29.744881296942268,-53.130102354156016
365,0.8333333333333346,-29.744881296942268,-53.130102354156016
366,0.9523809523809535,-29.744881296942268,-53.130102354156016
367,0.9523809523809535,-29.744881296942268,-53.130102354156016
368,1.1428571428571426,-29.744881296942268,-53.130102354156016
369,0.761904761904763,-29.744881296942268,-46.847610265994646
370,0.5555555555555552,0.0,-12.52880770915154
371,0.2051282051282052,-6.3401917459099115,6.911227119024685
372,0.9523809523809535,-29.744881296942268,-53.130102354156016
373,0.9523809523809535,-20.854458039578432,-46.84761026599467
374,1.111111111111113,-46.84761026599467,-28.072486935853068
375,1.0666666666666693,-28.072486935852968,-14.931417178137561
376,0.8888888888888915,-12.528807709151522,-12.528807709151522
377,0.5925925925925921,-9.462322208025624,-20.854458039578315
378,0.26666666666666683,-7.59464336859145,-7.59464336859145
379,0.22222222222222193,-6.340191745909913,-12.528807709151495
380,0.12121212121212127,-6.911227119024685,0.0
381,0.22222222222222182,0.0,6.340191745909885
382,0.6060606060606059,0.0,-13.626994859891573
383,0.11111111111111119,-6.340191745909913,-6.340191745909913
384,0.2051282051282052,-6.3401917459099115,0.0
385,0.24242424242424204,-13.62699485989152,-6.911227119024685
386,0.33333333333333404,-18.434948822922046,-12.528807709151495
387,0.22222222222222282,-12.528807709151543,-6.340191745909888
388,0.22222222222222282,-6.340191745909966,0.0
389,0.22222222222222227,-12.528807709151513,-6.9112271190247405
390,0.3333333333333334,-6.34019174590986,-12.528807709151465
391,0.3636363636363628,-6.911227119024685,-13.626994859891546
392,0.3333333333333334,-12.528807709151513,0.0
393,0.5128205128205127,0.0,-12.528807709151543
394,0.22222222222222227,-12.528807709151513,-6.911227119024685
395,0.22222222222222182,-12.52880770915149,0.0
396,0.205128205128205,0.0,0.0
397,0.33333333333333365,-12.528807709151527,6.911227119024685
398,0.33333333333333354,-13.626994859891534,0.0
399,0.22222222222222215,-6.911227119024671,-6.911227119024671
400,0.22222222222222238,-6.340191745909913,-12.52880770915152
401,0.22222222222222238,0.0,-6.340191745909913
402,0.22222222222222238,0.0,-6.340191745909913
403,0.22222222222222215,-6.340191745909901,0.0
404,0.4444444444444452,6.911227119024685,-12.528807709151543
405,0.20512820512820515,-6.34019174590992,6.340191745909901
406,0.22222222222222232,-6.9112271190246775,6.911227119024692
407,0.3076923076923079,0.0,13.626994859891546
408,0.205128205128205,-5.856013585428948,0.0
409,0.11111111111111119,0.0,6.911227119024685
410,0.22222222222222238,0.0,0.0
411,0.22222222222222232,6.340191745909913,-6.911227119024681
412,0.22222222222222227,6.340191745909911,-6.911227119024681
413,0.24242424242424243,6.911227119024681,-6.911227119024681
414,0.3636363636363637,13.62699485989154,0.0
415,0.4444444444444452,6.911227119024685,-12.528807709151543
416,0.4444444444444445,13.62699485989154,0.0
417,0.5555555555555556,19.983106521899984,0.0
418,0.5555555555555556,19.983106521899984,0.0
419,0.44444444444444453,19.983106521899984,0.0
420,0.20512820512820512,0.0,0.0
421,0.5555555555555557,19.983106521899987,0.0
422,0.44444444444444453,13.626994859891546,-6.911227119024681
423,0.3333333333333334,13.626994859891546,0.0
424,0.4444444444444445,13.62699485989154,0.0
425,0.30769230769230776,6.911227119024685,6.340191745909913
426,0.4444444444444452,0.0,-6.911227119024657
427,0.30769230769230776,0.0,6.340191745909907
428,0.24242424242424243,6.9112271190246775,6.9112271190246775
429,0.33333333333333354,6.340191745909907,12.52880770915152
430,0.22222222222222238,0.0,6.34019174590992
431,0.3333333333333333,0.0,6.34019174590992
432,0.3636363636363633,0.0,-6.911227119024629
433,0.2051282051282052,0.0,-11.592175410291077
434,0.44444444444444464,18.43494882292201,6.340191745909901
435,0.5555555555555558,18.434948822922024,0.0
436,0.41025641025641024,18.434948822922024,0.0
437,0.4848484848484856,6.911227119024685,-6.911227119024657
438,0.5555555555555557,18.434948822922024,-6.340191745909913
439,0.44444444444444475,12.52880770915152,-6.340191745909913
440,0.6060606060606061,7.594643368591447,-7.5946433685914325
441,0.484848484848485,6.911227119024685,-6.911227119024671
442,0.6060606060606061,6.911227119024685,-13.62699485989154
443,0.44444444444444453,12.528807709151508,-6.34019174590992
444,0.5555555555555557,18.434948822922017,-6.340191745909907
445,0.2051282051282052,0.0,-6.340191745909907
446,0.5555555555555555,18.434948822922003,-6.3401917459099115
447,0.5555555555555557,19.98310652189999,0.0
448,0.5128205128205127,6.340191745909912,-12.528807709151542
449,0.44444444444444436,21.801409486351815,0.0
450,0.3333333333333333,6.3401917459099115,0.0
451,0.24242424242424235,0.0,0.0
452,0.22222222222222224,6.911227119024679,6.340191745909909
453,0.3636363636363636,6.911227119024681,6.911227119024681
454,0.6666666666666671,29.74488129694223,8.42696902148068
455,0.7407407407407404,37.30394827798343,0.0
456,0.7999999999999997,39.805571092265225,14.931417178137545
457,0.2051282051282052,0.0,0.0
458,0.5333333333333331,23.962488974578168,7.594643368591445
459,0.36363636363636326,6.911227119024683,-6.911227119024655
460,0.5333333333333331,16.504361381755007,0.0
461,0.24242424242424238,6.911227119024687,6.911227119024687
462,0.833333333333333,26.565051177077983,18.434948822922003
463,0.49999999999999967,20.854458039578347,20.854458039578347
464,0.5925925925925924,26.565051177077997,18.434948822922014
465,0.5925925925925924,18.434948822922003,9.462322208025604
466,0.5925925925925924,16.50436138175501,16.50436138175501
467,0.4000000000000001,0.0,0.0
468,0.3636363636363636,-13.626994859891537,0.0
469,0.2051282051282052,-5.856013585428953,0.0
470,0.33333333333333304,6.340191745909912,-6.911227119024655
471,0.222222222222222,0.0,-6.340191745909897
472,0.33333333333333326,13.626994859891543,0.0
473,0.44444444444444464,19.983106521899984,-6.340191745909912
474,0.4444444444444444,23.962488974578182,0.0
475,0.4444444444444444,19.98310652189997,6.340191745909912
476,0.41025641025641024,5.856013585428948,11.592175410291063
477,0.44444444444444453,0.0,18.434948822922028
478,0.5555555555555552,-6.3401917459099115,18.434948822922003
479,0.4444444444444443,-6.3401917459099115,12.52880770915149
480,0.3076923076923074,-5.856013585428936,6.3401917459099115
481,0.242424242424242,6.911227119024683,-6.911227119024655
482,0.20512820512820515,-12.528807709151513,0.0
483,0.2857142857142855,0.0,6.3401917459099115
484,0.2857142857142855,5.85601358542896,6.3401917459099115
485,0.1025641025641026,5.85601358542896,0.0
486,0.3076923076923073,0.0,0.0
487,0.4848484848484847,0.0,0.0
488,0.5333333333333333,-8.426969021480652,10.784297867562604
489,0.484848484848485,-6.911227119024686,-6.911227119024686
490,0.5333333333333337,-14.931417178137584,-14.931417178137584
491,0.6060606060606063,-28.07248693585296,-28.07248693585296
492,0.22222222222222182,-6.340191745909885,6.3401917459099115
493,0.24242424242424299,6.911227119024655,-6.911227119024739
494,0.6666666666666671,-30.650667957052878,-8.42696902148068
495,0.20512820512820515,-5.85601358542896,5.856013585428955
496,0.7407407407407399,-16.504361381754983,-16.504361381754983
497,0.7407407407407413,0.0,20.854458039578315
498,0.7407407407407404,9.462322208025586,20.854458039578315
499,0.606060606060606,8.426969021480641,28.072486935852947
500,0.444444444444444,0.0,12.528807709151486
501,0.4444444444444444,0.0,12.528807709151492
502,0.3076923076923076,-6.340191745909926,12.528807709151492
503,0.30769230769230804,-6.3401917459099115,6.340191745909924
504,0.24242424242424299,6.911227119024655,-6.911227119024739
505,0.20512820512820543,0.0,0.0
506,0.3076923076923078,0.0,0.0
507,0.20512820512820515,-5.85601358542896,5.856013585428955
508,0.3076923076923076,6.340191745909898,6.340191745909898
509,0.41025641025641024,0.0,0.0
510,0.41025641025641024,6.911227119024671,-6.3401917459099115
511,0.41025641025641024,12.5288077091515,6.3401917459099115
512,0.44444444444444453,-6.340191745909913,12.528807709151508
513,0.44444444444444475,-6.340191745909913,12.52880770915152
514,0.5128205128205128,0.0,18.434948822922024
515,0.24242424242424299,6.911227119024655,-6.911227119024739
516,0.44444444444444453,0.0,12.52880770915152
517,0.33333333333333354,0.0,12.52880770915152
518,0.22222222222222238,0.0,12.52880770915152
519,0.30769230769230776,-5.85601358542896,12.528807709151511
520,0.3333333333333334,6.3401917459099115,6.3401917459099115
521,0.4848484848484851,13.626994859891546,0.0
522,0.5555555555555555,18.434948822922003,0.0
523,0.4444444444444443,12.5288077091515,-6.3401917459099115
524,0.4444444444444443,12.5288077091515,-6.3401917459099115
525,0.4444444444444443,6.340191745909898,-12.528807709151513
526,0.24242424242424299,7.594643368591418,-6.911227119024739
527,0.3333333333333332,6.3401917459099115,-12.5288077091515
528,0.44444444444444453,6.3401917459099115,-6.340191745909898
529,0.44444444444444453,6.3401917459099115,-6.340191745909898
530,0.44444444444444453,6.3401917459099115,-6.340191745909898
531,0.20512820512820526,0.0,13.626994859891546
532,0.44444444444444453,6.3401917459099115,-6.340191745909898
533,0.44444444444444453,6.3401917459099115,-6.340191745909898
534,0.44444444444444453,6.3401917459099115,-6.340191745909898
535,0.44444444444444453,6.3401917459099115,-6.340191745909898
536,0.24242424242424299,6.911227119024655,-6.911227119024739
537,0.2051282051282052,-6.340191745909911,6.911227119024685
538,0.44444444444444453,6.3401917459099115,-12.5288077091515
539,0.3636363636363635,6.911227119024683,-13.62699485989153
540,0.33333333333333326,6.340191745909912,-12.528807709151504
541,0.41025641025641024,11.592175410291063,-5.85601358542896
542,0.3636363636363642,6.911227119024655,-7.594643368591511
543,0.3636363636363633,0.0,-6.911227119024629
544,0.2051282051282052,0.0,13.626994859891543
545,0.20512820512820515,0.0,6.911227119024681
546,0.20512820512820515,0.0,0.0
547,0.10256410256410257,0.0,-5.856013585428958
548,0.20512820512820518,5.856013585428958,6.340191745909909
549,0.33333333333333337,6.340191745909909,0.0
550,0.3636363636363637,6.911227119024681,-6.911227119024683
551,0.4848484848484849,13.626994859891541,0.0
552,0.6060606060606061,19.983106521899984,0.0
553,0.3636363636363642,6.911227119024655,-6.911227119024739
554,0.6060606060606061,19.983106521899984,0.0
555,0.3333333333333331,-6.340191745909966,-12.52880770915152
556,0.6060606060606061,19.983106521899984,0.0
557,0.5555555555555556,19.983106521899984,0.0
558,0.5555555555555556,19.983106521899984,0.0
559,0.5555555555555556,19.983106521899984,0.0
560,0.5555555555555556,19.983106521899984,6.911227119024683
561,0.4848484848484849,13.62699485989154,0.0
562,0.5555555555555556,19.983106521899984,0.0
563,0.5128205128205133,11.592175410291073,-12.528807709151542
564,0.44444444444444464,12.528807709151517,0.0
565,0.44444444444444464,12.52880770915152,0.0
566,0.4848484848484846,-6.9112271190247405,-13.626994859891546
567,0.44444444444444464,12.52880770915152,6.340191745909913
568,0.4444444444444446,12.52880770915152,12.52880770915152
569,0.4444444444444446,6.340191745909913,12.528807709151513
570,0.3333333333333334,6.340191745909913,12.528807709151513
571,0.3076923076923078,0.0,5.856013585428953
572,0.3076923076923078,5.856013585428953,11.592175410291077
573,0.3076923076923076,5.856013585428966,5.856013585428966
574,0.44444444444444503,8.42696902148064,-8.42696902148074
575,0.41025641025641024,18.43494882292201,6.340191745909918
576,0.5128205128205128,23.962488974578186,12.528807709151508
577,0.4102564102564103,18.434948822922003,6.340191745909898
578,0.4444444444444441,0.0,-13.626994859891546
579,0.5128205128205129,23.96248897457818,5.856013585428948
580,0.5555555555555556,23.96248897457818,6.340191745909898
581,0.5128205128205128,23.96248897457819,5.85601358542896
582,0.4102564102564104,18.434948822922014,0.0
583,0.41025641025641024,18.434948822922003,0.0
584,0.2857142857142857,12.5288077091515,0.0
585,0.5000000000000007,9.462322208025581,-9.462322208025693
586,0.3333333333333332,12.5288077091515,6.340191745909898
587,0.22222222222222204,6.3401917459099115,6.3401917459099115
588,0.20512820512820543,6.3401917459099115,11.592175410291087
589,0.30769230769230804,0.0,11.592175410291087
590,0.5128205128205133,6.340191745909919,-6.340191745909919
591,0.5128205128205133,5.856013585428963,-5.856013585428963
592,0.5128205128205133,5.856013585428963,-5.856013585428963
593,0.5128205128205133,5.856013585428963,-5.856013585428963
594,0.5128205128205133,0.0,-11.592175410291082
595,0.22222222222222227,6.3401917459099115,6.3401917459099115
596,0.5000000000000007,9.462322208025581,-9.462322208025693
597,0.4102564102564107,0.0,-11.592175410291082
598,0.5128205128205126,6.340191745909919,-12.528807709151527
599,0.5128205128205126,0.0,-18.434948822922035
600,0.6153846153846152,0.0,-25.866356794094536
601,0.6153846153846152,0.0,-19.983106521899995
602,0.5128205128205133,0.0,-19.983106521899995
603,0.615384615384616,6.340191745909919,-19.983106521899995
604,0.5128205128205133,6.340191745909919,-19.983106521899995
605,0.5128205128205133,12.528807709151527,-13.62699485989155
606,0.41025641025641024,12.528807709151527,-12.528807709151502
607,0.5000000000000007,9.462322208025581,-9.462322208025693
608,0.41025641025641024,11.592175410291082,-5.856013585428939
609,0.3809523809523809,5.856013585428963,-5.856013585428939
610,0.3809523809523809,5.856013585428963,-5.856013585428939
611,0.4761904761904764,5.856013585428963,-5.856013585428939
612,0.41025641025641024,5.856013585428963,-5.856013585428939
613,0.41025641025641024,5.856013585428963,-11.59217541029106
614,0.38095238095238054,5.856013585428959,-12.528807709151502
615,0.5128205128205131,6.340191745909919,-19.98310652189998
616,0.41025641025641046,6.340191745909892,-13.626994859891564
617,0.5128205128205131,6.340191745909892,-18.434948822922046
618,0.5000000000000007,9.462322208025581,-10.784297867562682
619,0.4102564102564107,12.528807709151542,-12.528807709151515
620,0.5128205128205133,18.434948822922046,-6.340191745909905
621,0.5714285714285714,17.102728969052375,-6.340191745909919
622,0.5128205128205131,17.10272896905238,0.0
623,0.5128205128205131,17.10272896905238,5.856013585428963
624,0.5128205128205131,17.10272896905238,5.856013585428963
625,0.41025641025641046,11.592175410291071,0.0
626,0.41025641025641046,11.592175410291071,-5.856013585428963
627,0.38095238095238076,11.592175410291063,-6.340191745909919
628,0.5000000000000007,9.462322208025581,-9.462322208025693
629,0.5128205128205131,12.528807709151515,-12.528807709151527
630,0.5128205128205131,18.434948822922024,-6.340191745909919
631,0.5128205128205131,18.434948822922035,0.0
632,0.5714285714285713,23.962488974578214,0.0
633,0.6153846153846159,22.30620505490765,0.0
634,0.5714285714285713,22.306205054907657,5.440332031005512
635,0.6153846153846159,22.306205054907657,5.856013585428969
636,0.6153846153846159,22.306205054907657,5.856013585428969
637,0.6153846153846159,22.306205054907657,5.856013585428969
638,0.5000000000000007,9.462322208025581,-9.462322208025693
639,0.5714285714285713,20.854458039578343,10.784297867562595
640,0.6153846153846159,22.306205054907657,5.856013585428969
641,0.6153846153846159,22.306205054907657,5.856013585428969
642,0.7179487179487185,22.306205054907657,5.856013585428969
643,0.6666666666666665,20.854458039578343,10.784297867562595
644,0.7179487179487185,22.306205054907657,11.592175410291077
645,0.7179487179487185,27.149681697783187,11.592175410291077
646,0.8205128205128212,29.054604099077146,5.8560135854289515
647,0.7179487179487184,29.054604099077146,0.0
648,0.7777777777777783,23.9624889745782,-6.340191745909919
649,0.5000000000000007,9.462322208025581,-9.462322208025693
650,0.6666666666666676,18.434948822922035,-12.528807709151527
651,0.615384615384616,17.1027289690524,-11.592175410291071
652,0.5128205128205133,11.592175410291093,-11.592175410291071
653,0.5128205128205129,11.592175410291093,-5.856013585428963
654,0.5128205128205129,11.592175410291093,0.0
655,0.5128205128205129,11.592175410291093,0.0
656,0.5128205128205133,11.592175410291093,-5.856013585428963
657,0.5128205128205133,12.528807709151542,-6.340191745909919
658,0.6153846153846156,18.434948822922024,-6.340191745909919
659,0.6666666666666671,23.9624889745782,0.0
660,0.571428571428572,10.784297867562554,-10.784297867562682
661,0.6153846153846153,23.962488974578193,-5.85601358542897
662,0.5128205128205127,17.102728969052354,-6.340191745909919
663,0.5128205128205126,11.592175410291073,-12.528807709151502
664,0.5128205128205129,5.856013585428959,-18.434948822922035
665,0.5555555555555564,6.340191745909919,-12.528807709151527
666,0.47619047619047616,0.0,-12.528807709151527
667,0.47619047619047616,5.856013585428959,-12.528807709151527
668,0.5128205128205133,0.0,-12.528807709151527
669,0.5128205128205133,6.340191745909919,-12.528807709151527
670,0.5555555555555564,12.528807709151527,-6.340191745909919
671,0.6666666666666676,12.528807709151511,-12.528807709151462
672,0.5555555555555564,6.340191745909919,-12.528807709151527
673,0.5555555555555564,12.528807709151527,-12.528807709151527
674,0.5555555555555564,12.528807709151527,-12.528807709151527
675,0.5128205128205121,11.592175410291027,-18.434948822922035
676,0.6153846153846151,5.856013585429006,-23.962488974578168
677,0.6153846153846151,0.0,-23.962488974578214
678,0.6153846153846151,0.0,-23.962488974578193
679,0.5714285714285711,0.0,-18.43494882292201
680,0.5714285714285711,0.0,-17.102728969052354
681,0.5714285714285711,0.0,-18.43494882292201
682,0.4102564102564099,5.856013585428959,-11.59217541029105
683,0.4761904761904758,0.0,-18.43494882292201
684,0.5128205128205129,0.0,-18.43494882292201
685,0.5128205128205129,6.340191745909919,-18.43494882292201
686,0.5128205128205138,12.528807709151527,-12.528807709151552
687,0.6153846153846168,11.592175410291073,-18.43494882292206
688,0.6153846153846155,5.856013585428959,-18.43494882292201
689,0.6153846153846151,0.0,-23.962488974578257
690,0.7179487179487185,-5.856013585428935,-29.054604099077196
691,0.7179487179487177,-6.340191745909858,-31.218402764346386
692,0.7179487179487177,-5.856013585428911,-23.962488974578193
693,0.5000000000000007,0.0,-9.462322208025581
694,0.7179487179487177,-5.856013585428911,-23.962488974578193
695,0.6666666666666663,-5.856013585428911,-23.962488974578193
696,0.7179487179487177,-11.592175410291004,-23.962488974578193
697,0.6666666666666663,-11.592175410291004,-23.962488974578193
698,0.7179487179487177,-11.592175410291004,-23.962488974578193
699,0.7179487179487177,-11.592175410291004,-23.962488974578193
700,0.7179487179487177,-11.592175410291004,-23.962488974578193
701,0.7179487179487177,-5.856013585428911,-23.962488974578193
702,0.7179487179487177,-5.856013585428911,-23.962488974578193
703,0.10256410256410259,6.340191745909912,0.0
704,0.44444444444444503,0.0,-16.50436138175505
705,0.7179487179487177,-5.856013585428911,-23.962488974578193
706,0.7179487179487177,-5.856013585428911,-23.962488974578193
707,0.8205128205128203,-5.856013585428911,-29.054604099077157
708,0.9230769230769229,-6.340191745909858,-36.02737338510362
709,0.8205128205128203,-12.528807709151437,-36.02737338510362
710,0.8205128205128207,-6.340191745909884,-36.02737338510364
711,0.8205128205128207,0.0,-31.218402764346425
712,0.717948717948719,6.34019174590991,-25.86635679409457
713,0.6153846153846151,5.856013585428959,-23.962488974578193
714,0.5128205128205129,6.340191745909919,-18.43494882292201
715,0.40000000000000074,0.0,-14.93141717813759
716,0.5128205128205129,6.340191745909892,-18.434948822922035
717,0.41025641025641024,5.856013585429011,-11.592175410291036
718,0.5128205128205129,0.0,-11.592175410291036
719,0.5128205128205129,0.0,-11.592175410291036
720,0.5128205128205129,0.0,-11.592175410291036
721,0.5128205128205129,0.0,-11.592175410291036
722,0.5128205128205129,0.0,-11.592175410291036
723,0.5128205128205129,0.0,-18.43494882292199
724,0.5128205128205129,0.0,-19.98310652189994
725,0.47619047619047616,-6.340191745909867,-19.98310652189994
726,0.5333333333333342,0.0,-14.93141717813759
727,0.4102564102564107,0.0,-13.62699485989155
728,0.41025641025640985,0.0,-19.983106521899995
729,0.7843137254901972,0.0,-13.626994859891543
730,0.30769230769230776,0.0,-6.340191745909912
731,0.20512820512820518,0.0,-6.340191745909912
732,0.19047619047619047,-5.856013585428959,0.0
733,0.20512820512820534,0.0,-6.340191745909919
734,0.20512820512820518,0.0,-5.856013585428959
735,0.30769230769230776,0.0,-13.626994859891555
736,0.41025641025641035,0.0,-19.9831065219
737,0.40000000000000074,0.0,-14.93141717813759
738,0.41025641025641035,5.856013585428959,-12.528807709151527
739,0.38095238095238093,5.856013585428959,-12.528807709151527
740,0.47619047619047616,0.0,-12.528807709151527
741,0.4102564102564107,5.856013585428963,-5.856013585428963
742,0.4102564102564107,5.856013585428963,-5.856013585428963
743,0.5555555555555554,6.340191745909912,-6.340191745909912
744,0.4102564102564107,12.528807709151527,-6.911227119024686
745,0.5555555555555564,6.340191745909919,-6.340191745909919
746,0.6060606060606065,13.62699485989155,-6.911227119024686
747,0.6060606060606065,13.62699485989155,-6.911227119024686
748,0.3636363636363642,6.911227119024655,-7.594643368591511
749,0.6060606060606065,13.62699485989155,-6.911227119024686
750,0.5555555555555558,6.911227119024686,-14.931417178137561
751,0.6060606060606062,6.911227119024683,-13.626994859891543
752,0.6060606060606062,0.0,-13.626994859891543
753,0.44444444444444464,6.340191745909912,-13.626994859891543
754,0.44444444444444464,6.340191745909912,-13.626994859891543
755,0.44444444444444464,6.340191745909912,-13.626994859891543
756,0.44444444444444464,6.340191745909912,-13.626994859891543
757,0.41025641025641035,6.340191745909912,-12.528807709151517
758,0.3636363636363642,6.911227119024655,-6.911227119024739
759,0.41025641025641035,5.856013585428959,-12.528807709151511
760,0.41025641025641035,5.856013585428959,-12.528807709151511
761,0.4444444444444444,6.34019174590991,-12.528807709151511
762,0.4444444444444444,6.34019174590991,-12.528807709151511
763,0.4444444444444444,6.34019174590991,-12.528807709151511
764,0.4444444444444444,6.34019174590991,-12.528807709151511
765,0.4444444444444444,6.34019174590991,-12.528807709151511
766,0.4444444444444444,6.34019174590991,-12.528807709151511
767,0.4444444444444444,6.34019174590991,-12.528807709151511
768,0.4444444444444444,6.34019174590991,-12.528807709151511
769,0.4848484848484845,7.594643368591418,-6.911227119024739
770,0.4444444444444444,6.34019174590991,-12.528807709151511
771,0.484848484848485,6.911227119024683,-13.626994859891543
772,0.484848484848485,6.911227119024683,-13.626994859891543
773,0.484848484848485,7.59464336859145,-14.931417178137561
774,0.4848484848484852,7.59464336859145,-16.504361381755025
775,0.6666666666666671,0.0,-23.962488974578193
776,0.6666666666666671,-8.426969021480677,-23.962488974578193
777,0.6666666666666671,-7.59464336859145,-21.801409486351822
778,0.6666666666666671,-7.59464336859145,-23.962488974578193
779,0.40000000000000024,0.0,-16.504361381755025
780,0.4848484848484845,6.911227119024655,-6.911227119024739
781,0.40000000000000024,-7.59464336859145,-14.931417178137561
782,0.5333333333333337,-7.59464336859145,-14.931417178137561
783,0.4848484848484852,-14.931417178137561,-23.962488974578193
784,0.6060606060606065,-13.62699485989155,-28.072486935852968
785,0.8484848484848491,-28.072486935852968,-59.03624346792648
786,0.7272727272727268,-28.072486935852968,-48.012787504183365
787,0.7272727272727268,-21.801409486351822,-30.65066795705287
788,0.7272727272727268,-14.931417178137561,-30.65066795705287
789,0.6060606060606065,-7.59464336859145,-23.962488974578193
790,0.6666666666666671,-7.59464336859145,-21.801409486351822
791,0.36363636363636326,6.911227119024655,-6.911227119024739
792,0.6666666666666671,-7.59464336859145,-21.801409486351822
793,0.6060606060606065,-6.911227119024686,-14.931417178137561
794,0.6060606060606065,6.911227119024686,-7.59464336859145
795,0.4848484848484852,6.911227119024686,-7.59464336859145
796,0.4848484848484852,6.911227119024686,-6.911227119024686
797,0.4848484848484852,6.911227119024686,-6.911227119024686
798,0.4848484848484852,6.911227119024686,-6.911227119024686
799,0.44444444444444464,6.340191745909912,-6.340191745909912
800,0.44444444444444464,6.911227119024686,-6.911227119024686
801,0.4102564102564099,5.856013585428959,-11.59217541029105
802,0.4848484848484852,14.931417178137561,-6.911227119024686
803,0.4848484848484852,21.801409486351822,-6.911227119024686
804,0.5555555555555554,21.80140948635177,-6.340191745909919
805,0.44444444444444414,21.80140948635177,0.0
806,0.4102564102564095,18.43494882292199,0.0
807,1.0666666666666673,53.130102354156,28.072486935852968
808,0.9333333333333328,36.52885536698515,21.801409486351822
809,0.666666666666667,28.072486935852968,13.62699485989155
810,0.6060606060606065,21.801409486351822,6.911227119024686
811,0.6060606060606065,13.62699485989155,0.0
812,0.22222222222222232,6.911227119024683,0.0
813,0.4848484848484852,13.62699485989155,0.0
814,0.4848484848484842,6.911227119024686,-6.911227119024686
815,0.4848484848484845,7.59464336859145,-6.91122711902469
816,0.6666666666666674,0.0,-14.931417178137568
817,0.6666666666666671,0.0,-14.931417178137561
818,0.44444444444444464,0.0,-13.62699485989155
819,0.44444444444444464,0.0,-12.528807709151517
820,0.5128205128205133,0.0,-11.592175410291082
821,0.5128205128205133,0.0,-17.10272896905239
822,0.5128205128205133,0.0,-17.10272896905239
823,0.4848484848484845,6.911227119024655,-6.911227119024739
824,0.47619047619047616,0.0,-17.102728969052375
825,0.476190476190476,5.856013585428911,-12.528807709151511
826,0.6153846153846151,0.0,-19.983106521899924
827,0.5128205128205128,0.0,-21.80140948635181
828,0.3076923076923083,-6.34019174590989,-14.931417178137584
829,0.3333333333333332,-12.528807709151497,-6.340191745909915
830,0.3333333333333341,-6.340191745909915,0.0
831,0.8888888888888885,30.650667957052846,-20.85445803957834
832,0.8000000000000004,33.6900675259798,-9.462322208025617
833,0.29629629629629634,25.866356794094525,0.0
834,0.4444444444444442,6.911227119024655,-6.340191745909964
835,0.4102564102564095,12.528807709151511,6.91122711902469
836,0.2666666666666669,0.0,0.0
837,0.2666666666666669,0.0,5.856013585428959
838,0.38095238095238126,-5.85601358542896,6.34019174590991
839,0.41025641025641035,-6.34019174590991,0.0
840,0.4444444444444447,-5.85601358542896,-12.528807709151522
841,0.5333333333333334,0.0,-17.102728969052382
842,0.4761904761904764,5.440332031005509,-10.784297867562604
843,0.4166666666666668,5.440332031005509,-14.931417178137561
844,0.35555555555555524,11.592175410291077,-5.440332031005509
845,0.3636363636363643,6.911227119024657,-6.9112271190247405
846,0.4102564102564099,19.983106521899966,0.0
847,0.30769230769230754,-6.340191745909912,-6.340191745909912
848,0.19047619047619074,0.0,0.0
849,0.3333333333333331,0.0,6.911227119024683
850,0.4102564102564101,6.340191745909915,-5.85601358542896
851,0.4102564102564105,6.911227119024683,-11.592175410291077
852,0.4761904761904764,5.85601358542896,-15.945395900922861
853,0.5128205128205131,6.911227119024679,-11.592175410291077
854,0.47619047619047655,0.0,-10.784297867562609
855,0.44444444444444486,0.0,-10.784297867562609
856,0.3636363636363643,6.911227119024657,-6.9112271190247405
857,0.4761904761904764,-5.856013585428959,-17.102728969052375
858,0.4761904761904756,0.0,-10.784297867562604
859,0.6153846153846146,0.0,-17.102728969052375
860,0.6153846153846146,0.0,-11.592175410291073
861,0.4761904761904764,0.0,-17.102728969052375
862,0.4761904761904764,0.0,-17.102728969052375
863,0.4761904761904764,0.0,-15.945395900922861
864,0.4761904761904764,0.0,-12.528807709151511
865,0.4761904761904764,0.0,-10.784297867562604
866,0.5714285714285716,0.0,-11.592175410291073
867,0.4444444444444452,0.0,-13.626994859891573
868,0.4761904761904764,0.0,-11.592175410291073
869,0.5128205128205129,0.0,-12.528807709151511
870,0.4761904761904764,0.0,-11.592175410291073
871,0.44444444444444486,5.440332031005511,-11.592175410291073
872,0.35555555555555574,5.079607860014573,-11.592175410291073
873,0.35555555555555574,0.0,-21.801409486351833
874,0.4102564102564105,0.0,-19.983106521899984
875,0.4444444444444444,-14.250032697803588,-26.161566442019232
876,0.5079365079365085,-10.78429786756262,-20.323136829662932
877,0.2666666666666665,5.856013585429008,0.0
878,0.41025641025641085,0.0,-12.528807709151543
879,0.25396825396825434,-7.236922025967993,-3.814074834290357
880,0.28070175438596534,6.34019174590989,12.528807709151497
881,0.3508771929824566,6.34019174590989,12.528807709151497
882,0.4444444444444449,13.626994859891516,13.626994859891516
883,0.33333333333333287,12.528807709151486,12.528807709151486
884,0.28571428571428553,5.85601358542896,6.34019174590991
885,0.3076923076923073,5.856013585428959,0.0
886,0.3076923076923073,0.0,0.0
887,0.22222222222222177,0.0,-6.340191745909884
888,0.2666666666666673,0.0,-11.592175410291096
889,0.444444444444445,0.0,-13.626994859891573
890,0.26666666666666644,5.079607860014552,-11.592175410291073
891,0.3809523809523809,11.592175410291102,-11.592175410291032
892,0.35555555555555574,10.784297867562604,-11.592175410291077
893,0.2857142857142859,-6.340191745909915,6.911227119024683
894,0.4761904761904764,0.0,-17.102728969052382
895,0.5128205128205131,11.592175410291077,-11.592175410291077
896,0.5714285714285715,12.528807709151522,-17.10272896905237
897,0.4102564102564103,12.528807709151497,-11.59217541029109
898,0.3809523809523811,14.931417178137568,-5.856013585428946
899,0.6060606060606054,0.0,-6.911227119024677
900,0.41025641025641085,0.0,-12.52880770915154
901,0.242424242424242,-6.911227119024683,-6.911227119024683
902,0.1111111111111111,0.0,0.0
903,0.3333333333333333,12.528807709151511,12.528807709151511
904,0.7407407407407409,8.426969021480677,33.690067525979806
905,0.5333333333333333,-26.565051177078004,-23.962488974578193
906,0.8484848484848491,-36.52885536698519,16.504361381755036
907,0.8666666666666676,-38.10757687751485,-19.334808537826408
908,0.6060606060606055,-30.65066795705286,-6.911227119024686
909,0.6666666666666674,-19.983106521899984,-12.528807709151522
910,0.4444444444444444,0.0,-12.528807709151511
911,0.41025641025641,5.856013585428936,-5.8560135854290065
912,0.5128205128205126,0.0,-17.102728969052333
913,0.3809523809523807,0.0,-11.592175410291027
914,0.4102564102564099,0.0,-11.592175410291027
915,0.4761904761904758,0.0,-15.945395900922854
916,0.6153846153846156,-5.856013585429011,-17.10272896905239
917,0.6153846153846156,0.0,-17.10272896905239
918,0.5128205128205129,-5.856013585429011,-17.10272896905239
919,0.6153846153846156,-5.856013585429011,-23.962488974578193
920,0.7179487179487183,0.0,-23.96248897457815
921,0.6153846153846156,0.0,-25.86635679409449
922,0.22222222222222232,13.626994859891543,0.0
923,0.5128205128205133,0.0,-22.306205054907668
924,0.666666666666667,0.0,-25.866356794094536
925,0.5555555555555549,6.911227119024686,-19.983106521899995
926,0.5128205128205133,12.528807709151527,-19.983106521899995
927,0.44444444444444464,13.62699485989155,-13.62699485989155
928,0.38095238095238126,5.856013585428963,-5.856013585428963
929,0.41025641025641024,11.592175410291082,0.0
930,0.41025641025641024,6.340191745909919,-6.340191745909919
931,0.41025641025641024,6.340191745909919,-6.340191745909919
932,0.38095238095238054,5.856013585428959,-6.340191745909919
933,0.4102564102564099,5.856013585428959,-12.528807709151502
934,0.38095238095238065,5.440332031005486,-5.8560135854290065
935,0.5128205128205126,5.856013585428959,-19.983106521899966
936,0.5128205128205126,11.592175410291073,-12.528807709151502
937,0.5128205128205127,6.34019174590991,-19.98310652189999
938,0.5128205128205126,12.528807709151486,-13.62699485989157
939,0.5128205128205129,17.102728969052386,-11.592175410291063
940,0.38095238095238076,11.592175410291063,-6.340191745909919
941,0.41025641025641046,12.528807709151515,0.0
942,0.5128205128205131,12.528807709151515,0.0
943,0.5128205128205127,11.592175410291073,-6.340191745909919
944,0.5128205128205127,17.102728969052375,-6.340191745909919
945,0.41025641025641,5.856013585428936,-5.8560135854290065
946,0.5128205128205128,17.102728969052375,0.0
947,0.5128205128205127,17.102728969052365,0.0
948,0.5128205128205131,18.43494882292203,6.340191745909925
949,0.6153846153846153,23.9624889745782,5.856013585428952
950,0.5714285714285713,22.306205054907636,5.856013585428952
951,0.5714285714285713,17.102728969052365,5.856013585428952
952,0.6666666666666665,22.306205054907636,5.856013585428952
953,0.6153846153846153,17.102728969052365,5.856013585428952
954,0.6153846153846153,22.306205054907636,11.592175410291066
955,0.7179487179487178,27.149681697783162,11.592175410291066
956,0.41025641025641,6.340191745909887,-12.528807709151517
957,0.7179487179487178,22.306205054907636,5.856013585428952
958,0.7179487179487178,22.306205054907636,5.856013585428952
959,0.7179487179487178,22.306205054907636,5.856013585428952
960,0.7179487179487178,22.306205054907636,11.592175410291073
961,0.7179487179487178,23.9624889745782,11.592175410291073
962,0.7179487179487178,23.9624889745782,11.592175410291073
963,0.7179487179487178,29.05460409907717,11.592175410291073
964,0.8888888888888898,29.054604099077178,6.340191745909925
965,0.8205128205128205,29.05460409907717,5.856013585428946
966,0.7179487179487177,29.05460409907717,0.0
967,0.38095238095238065,5.856013585428935,-11.592175410291073
968,0.6153846153846153,23.9624889745782,-5.856013585428959
969,0.6153846153846155,19.9831065219,-12.528807709151511
970,0.5555555555555564,12.528807709151542,-12.528807709151515
971,0.5555555555555564,12.528807709151542,-6.340191745909905
972,0.5555555555555564,12.528807709151542,0.0
973,0.5555555555555564,12.528807709151542,0.0
974,0.5555555555555564,12.528807709151542,0.0
975,0.5128205128205133,11.592175410291093,0.0
976,0.5128205128205133,11.592175410291093,0.0
977,0.5128205128205133,11.592175410291093,0.0
978,0.5128205128205126,5.856013585428935,-11.592175410291073
979,0.5128205128205133,11.592175410291093,0.0
980,0.615384615384616,11.592175410291093,0.0
981,0.615384615384616,11.592175410291093,0.0
982,0.615384615384616,11.592175410291093,0.0
983,0.615384615384616,11.592175410291093,0.0
984,0.615384615384616,11.592175410291093,0.0
985,0.615384615384616,11.592175410291093,0.0
986,0.615384615384616,11.592175410291093,0.0
987,0.615384615384616,11.592175410291093,0.0
988,0.615384615384616,11.592175410291093,0.0
989,0.476190476190476,0.0,-11.592175410291096
990,0.5128205128205133,12.528807709151542,0.0
991,0.5555555555555564,12.528807709151542,0.0
992,0.5555555555555564,12.528807709151542,0.0
993,0.5555555555555564,12.528807709151542,0.0
994,0.5555555555555564,12.528807709151542,0.0
995,0.5555555555555564,12.528807709151542,0.0
996,0.5555555555555564,12.528807709151542,0.0
997,0.5555555555555564,12.528807709151542,0.0
998,0.476190476190476,5.440332031005509,-10.784297867562627
999,0.5555555555555564,18.434948822922046,0.0
1000,0.6666666666666671,18.434948822922024,-6.340191745909919
1001,0.6153846153846156,18.43494882292201,-12.528807709151542
1002,0.5555555555555561,18.43494882292201,-12.528807709151542
1003,0.5128205128205129,12.528807709151527,-18.43494882292201
1004,0.38095238095238093,12.528807709151527,-11.592175410291073
1005,0.38095238095238093,6.340191745909919,-11.592175410291073
1006,0.30769230769230776,0.0,-11.592175410291073
1007,0.20512820512820518,0.0,-5.856013585428959
1008,0.2857142857142858,0.0,-5.440332031005509
1009,0.3809523809523815,5.440332031005509,-11.592175410291096
1010,0.3809523809523811,0.0,-11.592175410291073
1011,0.4444444444444444,6.34019174590991,-12.528807709151511
1012,0.41025641025641035,12.528807709151511,-5.856013585428959
1013,0.4102564102564095,12.528807709151462,-11.592175410291073
1014,0.5128205128205126,13.626994859891564,-18.434948822921964
1015,0.6153846153846151,12.528807709151486,-17.102728969052375
1016,0.6666666666666662,6.34019174590991,-23.96248897457816
1017,0.555555555555556,0.0,-18.43494882292199
1018,0.6153846153846155,-6.34019174590991,-23.96248897457816
1019,0.4761904761904768,-5.856013585428959,-17.102728969052375
1020,0.4444444444444452,0.0,-18.434948822922035
1021,0.555555555555556,0.0,-18.43494882292201
1022,0.555555555555556,6.340191745909961,-18.43494882292201
1023,0.5555555555555551,6.340191745909884,-19.983106521900055
1024,0.8484848484848477,6.911227119024624,-25.866356794094536
1025,0.8888888888888884,6.340191745909858,-31.218402764346386
1026,0.8888888888888875,-6.34019174590991,-31.218402764346305
1027,0.8205128205128198,-6.34019174590991,-31.21840276434633
1028,0.8205128205128207,-11.592175410291073,-29.054604099077146
1029,0.6666666666666662,-11.592175410291073,-23.96248897457814
1030,0.7619047619047622,-17.102728969052375,-33.690067525979785
