,0x,0y,1x,1y,2x,2y,3x,3y,4x,4y,5x,5y,6x,6y,7x,7y,8x,8y,9x,9y,10x,10y,11x,11y,12x,12y,13x,13y
0,194.7826086956522,109.56521739130434,194.7826086956522,120.0,180.8695652173913,120.0,173.91304347826087,125.21739130434784,166.95652173913044,130.43478260869566,201.7391304347826,120.0,215.65217391304347,130.43478260869566,215.65217391304347,135.65217391304347,187.8260869565217,146.08695652173913,187.8260869565217,172.17391304347825,-999.0,-999.0,201.7391304347826,146.08695652173913,201.7391304347826,172.17391304347825,-999.0,-999.0
1,194.7826086956522,109.56521739130434,194.7826086956522,120.0,187.8260869565217,114.78260869565216,173.91304347826087,120.0,166.95652173913044,130.43478260869566,201.7391304347826,120.0,208.69565217391303,130.43478260869566,215.65217391304347,135.65217391304347,187.8260869565217,135.65217391304347,208.69565217391303,151.30434782608697,215.65217391304347,156.52173913043478,201.7391304347826,135.65217391304347,215.65217391304347,146.08695652173913,222.6086956521739,156.52173913043478
2,194.7826086956522,109.56521739130434,194.7826086956522,120.0,187.8260869565217,120.0,173.91304347826087,125.21739130434784,166.95652173913044,130.43478260869566,201.7391304347826,120.0,208.69565217391303,130.43478260869566,215.65217391304347,140.8695652173913,180.8695652173913,146.08695652173913,187.8260869565217,177.3913043478261,180.8695652173913,208.69565217391303,201.7391304347826,146.08695652173913,201.7391304347826,172.17391304347825,222.6086956521739,156.52173913043478
3,194.7826086956522,109.56521739130434,194.7826086956522,120.0,187.8260869565217,120.0,173.91304347826087,125.21739130434784,166.95652173913044,130.43478260869566,201.7391304347826,120.0,208.69565217391303,130.43478260869566,215.65217391304347,135.65217391304347,194.7826086956522,135.65217391304347,201.7391304347826,146.08695652173913,215.65217391304347,156.52173913043478,201.7391304347826,135.65217391304347,215.65217391304347,146.08695652173913,222.6086956521739,156.52173913043478
4,194.7826086956522,109.56521739130434,194.7826086956522,120.0,187.8260869565217,120.0,173.91304347826087,120.0,166.95652173913044,130.43478260869566,201.7391304347826,120.0,208.69565217391303,130.43478260869566,215.65217391304347,135.65217391304347,187.8260869565217,135.65217391304347,201.7391304347826,146.08695652173913,215.65217391304347,156.52173913043478,201.7391304347826,135.65217391304347,215.65217391304347,146.08695652173913,222.6086956521739,156.52173913043478
5,194.7826086956522,109.56521739130434,194.7826086956522,120.0,187.8260869565217,120.0,173.91304347826087,125.21739130434784,166.95652173913044,125.21739130434784,201.7391304347826,120.0,208.69565217391303,130.43478260869566,215.65217391304347,135.65217391304347,194.7826086956522,135.65217391304347,201.7391304347826,151.30434782608697,215.65217391304347,161.7391304347826,201.7391304347826,135.65217391304347,215.65217391304347,151.30434782608697,215.65217391304347,166.95652173913044
6,194.7826086956522,109.56521739130434,194.7826086956522,120.0,187.8260869565217,120.0,173.91304347826087,120.0,166.95652173913044,130.43478260869566,201.7391304347826,120.0,208.69565217391303,130.43478260869566,215.65217391304347,135.65217391304347,194.7826086956522,135.65217391304347,201.7391304347826,146.08695652173913,215.65217391304347,156.52173913043478,201.7391304347826,135.65217391304347,215.65217391304347,146.08695652173913,222.6086956521739,156.52173913043478
7,194.7826086956522,109.56521739130434,194.7826086956522,120.0,187.8260869565217,120.0,173.91304347826087,125.21739130434784,166.95652173913044,130.43478260869566,201.7391304347826,120.0,208.69565217391303,130.43478260869566,215.65217391304347,135.65217391304347,187.8260869565217,135.65217391304347,194.7826086956522,140.8695652173913,208.69565217391303,156.52173913043478,201.7391304347826,135.65217391304347,215.65217391304347,146.08695652173913,222.6086956521739,156.52173913043478
8,194.7826086956522,109.56521739130434,194.7826086956522,120.0,187.8260869565217,120.0,173.91304347826087,120.0,166.95652173913044,125.21739130434784,201.7391304347826,120.0,208.69565217391303,130.43478260869566,215.65217391304347,135.65217391304347,194.7826086956522,135.65217391304347,201.7391304347826,146.08695652173913,215.65217391304347,156.52173913043478,201.7391304347826,135.65217391304347,215.65217391304347,146.08695652173913,222.6086956521739,156.52173913043478
9,194.7826086956522,109.56521739130434,194.7826086956522,120.0,187.8260869565217,120.0,173.91304347826087,125.21739130434784,166.95652173913044,130.43478260869566,201.7391304347826,120.0,208.69565217391303,130.43478260869566,215.65217391304347,135.65217391304347,187.8260869565217,135.65217391304347,201.7391304347826,146.08695652173913,215.65217391304347,156.52173913043478,201.7391304347826,135.65217391304347,215.65217391304347,146.08695652173913,222.6086956521739,156.52173913043478
10,194.7826086956522,109.56521739130434,194.7826086956522,120.0,187.8260869565217,120.0,173.91304347826087,125.21739130434784,166.95652173913044,125.21739130434784,201.7391304347826,120.0,208.69565217391303,130.43478260869566,215.65217391304347,135.65217391304347,194.7826086956522,135.65217391304347,201.7391304347826,151.30434782608697,215.65217391304347,156.52173913043478,201.7391304347826,135.65217391304347,215.65217391304347,146.08695652173913,222.6086956521739,156.52173913043478
11,194.7826086956522,109.56521739130434,194.7826086956522,120.0,187.8260869565217,120.0,173.91304347826087,125.21739130434784,166.95652173913044,125.21739130434784,201.7391304347826,120.0,208.69565217391303,130.43478260869566,215.65217391304347,135.65217391304347,194.7826086956522,135.65217391304347,201.7391304347826,146.08695652173913,215.65217391304347,156.52173913043478,201.7391304347826,135.65217391304347,215.65217391304347,146.08695652173913,222.6086956521739,156.52173913043478
12,34.78260869565217,182.6086956521739,34.78260869565217,182.6086956521739,41.73913043478261,177.3913043478261,173.91304347826087,125.21739130434784,166.95652173913044,125.21739130434784,27.82608695652174,193.0434782608696,34.78260869565217,203.4782608695652,215.65217391304347,135.65217391304347,69.56521739130434,193.0434782608696,83.47826086956522,203.4782608695652,132.17391304347825,193.0434782608696,62.60869565217392,203.4782608695652,83.47826086956522,203.4782608695652,125.21739130434784,203.4782608695652
13,34.78260869565217,182.6086956521739,34.78260869565217,182.6086956521739,48.69565217391305,177.3913043478261,173.91304347826087,125.21739130434784,166.95652173913044,125.21739130434784,27.82608695652174,193.0434782608696,27.82608695652174,208.69565217391303,13.91304347826087,213.91304347826087,76.52173913043478,193.0434782608696,125.21739130434784,198.2608695652174,139.1304347826087,198.2608695652174,69.56521739130434,203.4782608695652,97.3913043478261,203.4782608695652,132.17391304347825,203.4782608695652
14,194.7826086956522,109.56521739130434,194.7826086956522,120.0,180.8695652173913,120.0,173.91304347826087,125.21739130434784,166.95652173913044,130.43478260869566,201.7391304347826,120.0,208.69565217391303,130.43478260869566,215.65217391304347,140.8695652173913,187.8260869565217,151.30434782608697,187.8260869565217,177.3913043478261,187.8260869565217,208.69565217391303,201.7391304347826,151.30434782608697,208.69565217391303,177.3913043478261,201.7391304347826,208.69565217391303
15,194.7826086956522,109.56521739130434,194.7826086956522,120.0,187.8260869565217,120.0,173.91304347826087,120.0,166.95652173913044,130.43478260869566,201.7391304347826,120.0,208.69565217391303,130.43478260869566,215.65217391304347,135.65217391304347,194.7826086956522,135.65217391304347,201.7391304347826,151.30434782608697,215.65217391304347,156.52173913043478,201.7391304347826,135.65217391304347,215.65217391304347,146.08695652173913,222.6086956521739,156.52173913043478
16,194.7826086956522,109.56521739130434,194.7826086956522,120.0,187.8260869565217,120.0,173.91304347826087,120.0,166.95652173913044,125.21739130434784,201.7391304347826,120.0,208.69565217391303,130.43478260869566,215.65217391304347,135.65217391304347,194.7826086956522,135.65217391304347,201.7391304347826,151.30434782608697,215.65217391304347,161.7391304347826,201.7391304347826,135.65217391304347,215.65217391304347,146.08695652173913,215.65217391304347,161.7391304347826
17,34.78260869565217,187.8260869565217,34.78260869565217,187.8260869565217,41.73913043478261,182.6086956521739,55.65217391304348,177.3913043478261,166.95652173913044,125.21739130434784,27.82608695652174,193.0434782608696,34.78260869565217,213.91304347826087,13.91304347826087,208.69565217391303,76.52173913043478,193.0434782608696,118.2608695652174,198.2608695652174,132.17391304347825,198.2608695652174,62.60869565217392,203.4782608695652,104.34782608695652,203.4782608695652,125.21739130434784,198.2608695652174
18,34.78260869565217,187.8260869565217,34.78260869565217,187.8260869565217,34.78260869565217,182.6086956521739,55.65217391304348,177.3913043478261,166.95652173913044,125.21739130434784,27.82608695652174,193.0434782608696,34.78260869565217,213.91304347826087,13.91304347826087,208.69565217391303,76.52173913043478,193.0434782608696,111.30434782608695,193.0434782608696,132.17391304347825,198.2608695652174,69.56521739130434,203.4782608695652,111.30434782608695,198.2608695652174,132.17391304347825,203.4782608695652
19,34.78260869565217,187.8260869565217,34.78260869565217,187.8260869565217,41.73913043478261,182.6086956521739,55.65217391304348,177.3913043478261,166.95652173913044,125.21739130434784,27.82608695652174,198.2608695652174,34.78260869565217,213.91304347826087,13.91304347826087,208.69565217391303,76.52173913043478,193.0434782608696,111.30434782608695,198.2608695652174,132.17391304347825,198.2608695652174,69.56521739130434,203.4782608695652,104.34782608695652,203.4782608695652,125.21739130434784,203.4782608695652
20,34.78260869565217,187.8260869565217,34.78260869565217,187.8260869565217,34.78260869565217,187.8260869565217,55.65217391304348,177.3913043478261,166.95652173913044,125.21739130434784,27.82608695652174,198.2608695652174,34.78260869565217,213.91304347826087,13.91304347826087,208.69565217391303,76.52173913043478,193.0434782608696,76.52173913043478,203.4782608695652,132.17391304347825,198.2608695652174,69.56521739130434,203.4782608695652,76.52173913043478,203.4782608695652,132.17391304347825,203.4782608695652
21,34.78260869565217,187.8260869565217,34.78260869565217,187.8260869565217,34.78260869565217,182.6086956521739,55.65217391304348,177.3913043478261,166.95652173913044,125.21739130434784,27.82608695652174,193.0434782608696,34.78260869565217,213.91304347826087,13.91304347826087,208.69565217391303,76.52173913043478,193.0434782608696,76.52173913043478,203.4782608695652,132.17391304347825,198.2608695652174,69.56521739130434,203.4782608695652,76.52173913043478,203.4782608695652,132.17391304347825,203.4782608695652
22,34.78260869565217,187.8260869565217,34.78260869565217,187.8260869565217,34.78260869565217,182.6086956521739,55.65217391304348,177.3913043478261,166.95652173913044,125.21739130434784,27.82608695652174,198.2608695652174,34.78260869565217,213.91304347826087,13.91304347826087,208.69565217391303,76.52173913043478,193.0434782608696,97.3913043478261,203.4782608695652,132.17391304347825,198.2608695652174,69.56521739130434,203.4782608695652,97.3913043478261,203.4782608695652,125.21739130434784,198.2608695652174
23,34.78260869565217,187.8260869565217,34.78260869565217,187.8260869565217,34.78260869565217,187.8260869565217,55.65217391304348,177.3913043478261,166.95652173913044,125.21739130434784,27.82608695652174,198.2608695652174,27.82608695652174,213.91304347826087,13.91304347826087,208.69565217391303,76.52173913043478,187.8260869565217,76.52173913043478,203.4782608695652,125.21739130434784,198.2608695652174,69.56521739130434,203.4782608695652,76.52173913043478,203.4782608695652,125.21739130434784,198.2608695652174
24,34.78260869565217,193.0434782608696,34.78260869565217,193.0434782608696,34.78260869565217,187.8260869565217,55.65217391304348,177.3913043478261,166.95652173913044,125.21739130434784,27.82608695652174,198.2608695652174,34.78260869565217,213.91304347826087,13.91304347826087,208.69565217391303,76.52173913043478,193.0434782608696,76.52173913043478,203.4782608695652,132.17391304347825,198.2608695652174,69.56521739130434,203.4782608695652,76.52173913043478,203.4782608695652,125.21739130434784,198.2608695652174
25,34.78260869565217,193.0434782608696,34.78260869565217,193.0434782608696,34.78260869565217,187.8260869565217,55.65217391304348,177.3913043478261,166.95652173913044,125.21739130434784,27.82608695652174,198.2608695652174,27.82608695652174,213.91304347826087,13.91304347826087,208.69565217391303,76.52173913043478,193.0434782608696,76.52173913043478,203.4782608695652,125.21739130434784,198.2608695652174,62.60869565217392,203.4782608695652,76.52173913043478,203.4782608695652,132.17391304347825,203.4782608695652
26,34.78260869565217,187.8260869565217,34.78260869565217,187.8260869565217,34.78260869565217,187.8260869565217,55.65217391304348,177.3913043478261,166.95652173913044,125.21739130434784,27.82608695652174,198.2608695652174,27.82608695652174,213.91304347826087,13.91304347826087,208.69565217391303,76.52173913043478,193.0434782608696,76.52173913043478,203.4782608695652,132.17391304347825,198.2608695652174,69.56521739130434,203.4782608695652,76.52173913043478,203.4782608695652,132.17391304347825,198.2608695652174
27,34.78260869565217,193.0434782608696,34.78260869565217,193.0434782608696,34.78260869565217,187.8260869565217,55.65217391304348,177.3913043478261,166.95652173913044,125.21739130434784,27.82608695652174,198.2608695652174,34.78260869565217,213.91304347826087,13.91304347826087,208.69565217391303,76.52173913043478,193.0434782608696,76.52173913043478,203.4782608695652,132.17391304347825,198.2608695652174,69.56521739130434,203.4782608695652,76.52173913043478,203.4782608695652,132.17391304347825,203.4782608695652
28,34.78260869565217,187.8260869565217,34.78260869565217,187.8260869565217,41.73913043478261,182.6086956521739,55.65217391304348,177.3913043478261,166.95652173913044,125.21739130434784,27.82608695652174,198.2608695652174,27.82608695652174,213.91304347826087,13.91304347826087,208.69565217391303,76.52173913043478,193.0434782608696,104.34782608695652,193.0434782608696,132.17391304347825,198.2608695652174,69.56521739130434,203.4782608695652,97.3913043478261,203.4782608695652,132.17391304347825,203.4782608695652
29,34.78260869565217,187.8260869565217,34.78260869565217,187.8260869565217,34.78260869565217,182.6086956521739,55.65217391304348,177.3913043478261,166.95652173913044,125.21739130434784,27.82608695652174,198.2608695652174,27.82608695652174,213.91304347826087,13.91304347826087,208.69565217391303,76.52173913043478,193.0434782608696,97.3913043478261,203.4782608695652,132.17391304347825,198.2608695652174,69.56521739130434,203.4782608695652,97.3913043478261,203.4782608695652,125.21739130434784,198.2608695652174
30,194.7826086956522,109.56521739130434,194.7826086956522,120.0,187.8260869565217,120.0,173.91304347826087,120.0,166.95652173913044,125.21739130434784,201.7391304347826,120.0,208.69565217391303,130.43478260869566,215.65217391304347,135.65217391304347,187.8260869565217,135.65217391304347,201.7391304347826,146.08695652173913,215.65217391304347,156.52173913043478,201.7391304347826,135.65217391304347,215.65217391304347,146.08695652173913,222.6086956521739,156.52173913043478
31,34.78260869565217,187.8260869565217,34.78260869565217,187.8260869565217,34.78260869565217,182.6086956521739,173.91304347826087,120.0,166.95652173913044,125.21739130434784,27.82608695652174,198.2608695652174,34.78260869565217,213.91304347826087,13.91304347826087,208.69565217391303,76.52173913043478,193.0434782608696,76.52173913043478,203.4782608695652,132.17391304347825,198.2608695652174,69.56521739130434,198.2608695652174,76.52173913043478,203.4782608695652,132.17391304347825,203.4782608695652
32,34.78260869565217,187.8260869565217,34.78260869565217,187.8260869565217,34.78260869565217,182.6086956521739,173.91304347826087,120.0,166.95652173913044,125.21739130434784,27.82608695652174,193.0434782608696,34.78260869565217,213.91304347826087,13.91304347826087,208.69565217391303,76.52173913043478,193.0434782608696,97.3913043478261,198.2608695652174,132.17391304347825,198.2608695652174,69.56521739130434,203.4782608695652,97.3913043478261,198.2608695652174,125.21739130434784,203.4782608695652
33,27.82608695652174,193.0434782608696,27.82608695652174,193.0434782608696,34.78260869565217,187.8260869565217,173.91304347826087,120.0,166.95652173913044,125.21739130434784,27.82608695652174,198.2608695652174,34.78260869565217,213.91304347826087,13.91304347826087,208.69565217391303,76.52173913043478,193.0434782608696,76.52173913043478,203.4782608695652,132.17391304347825,198.2608695652174,69.56521739130434,198.2608695652174,76.52173913043478,203.4782608695652,132.17391304347825,203.4782608695652
34,34.78260869565217,187.8260869565217,34.78260869565217,187.8260869565217,34.78260869565217,182.6086956521739,173.91304347826087,120.0,166.95652173913044,125.21739130434784,27.82608695652174,198.2608695652174,34.78260869565217,213.91304347826087,13.91304347826087,208.69565217391303,83.47826086956522,193.0434782608696,111.30434782608695,198.2608695652174,132.17391304347825,198.2608695652174,69.56521739130434,203.4782608695652,111.30434782608695,198.2608695652174,125.21739130434784,203.4782608695652
35,34.78260869565217,193.0434782608696,34.78260869565217,193.0434782608696,34.78260869565217,187.8260869565217,173.91304347826087,120.0,166.95652173913044,125.21739130434784,27.82608695652174,198.2608695652174,34.78260869565217,213.91304347826087,13.91304347826087,208.69565217391303,76.52173913043478,193.0434782608696,111.30434782608695,198.2608695652174,132.17391304347825,198.2608695652174,69.56521739130434,203.4782608695652,111.30434782608695,198.2608695652174,125.21739130434784,203.4782608695652
36,34.78260869565217,187.8260869565217,34.78260869565217,187.8260869565217,34.78260869565217,182.6086956521739,173.91304347826087,120.0,166.95652173913044,125.21739130434784,27.82608695652174,193.0434782608696,27.82608695652174,213.91304347826087,13.91304347826087,208.69565217391303,76.52173913043478,193.0434782608696,97.3913043478261,203.4782608695652,132.17391304347825,198.2608695652174,69.56521739130434,203.4782608695652,97.3913043478261,203.4782608695652,132.17391304347825,203.4782608695652
37,194.7826086956522,114.78260869565216,34.78260869565217,187.8260869565217,34.78260869565217,182.6086956521739,173.91304347826087,120.0,166.95652173913044,125.21739130434784,27.82608695652174,198.2608695652174,34.78260869565217,213.91304347826087,13.91304347826087,208.69565217391303,76.52173913043478,193.0434782608696,118.2608695652174,198.2608695652174,132.17391304347825,198.2608695652174,69.56521739130434,203.4782608695652,111.30434782608695,203.4782608695652,132.17391304347825,203.4782608695652
38,34.78260869565217,187.8260869565217,34.78260869565217,187.8260869565217,34.78260869565217,182.6086956521739,173.91304347826087,120.0,166.95652173913044,125.21739130434784,27.82608695652174,193.0434782608696,27.82608695652174,213.91304347826087,13.91304347826087,208.69565217391303,76.52173913043478,193.0434782608696,97.3913043478261,198.2608695652174,132.17391304347825,198.2608695652174,69.56521739130434,203.4782608695652,97.3913043478261,198.2608695652174,132.17391304347825,203.4782608695652
39,166.95652173913044,52.17391304347826,34.78260869565217,187.8260869565217,41.73913043478261,177.3913043478261,173.91304347826087,120.0,166.95652173913044,125.21739130434784,27.82608695652174,193.0434782608696,34.78260869565217,213.91304347826087,13.91304347826087,208.69565217391303,76.52173913043478,193.0434782608696,97.3913043478261,198.2608695652174,132.17391304347825,198.2608695652174,62.60869565217392,203.4782608695652,90.43478260869566,203.4782608695652,125.21739130434784,198.2608695652174
40,34.78260869565217,182.6086956521739,34.78260869565217,182.6086956521739,48.69565217391305,177.3913043478261,173.91304347826087,120.0,166.95652173913044,125.21739130434784,27.82608695652174,187.8260869565217,41.73913043478261,208.69565217391303,13.91304347826087,208.69565217391303,69.56521739130434,193.0434782608696,76.52173913043478,198.2608695652174,132.17391304347825,193.0434782608696,55.65217391304348,203.4782608695652,76.52173913043478,198.2608695652174,132.17391304347825,198.2608695652174
41,194.7826086956522,109.56521739130434,194.7826086956522,120.0,187.8260869565217,120.0,173.91304347826087,125.21739130434784,166.95652173913044,130.43478260869566,201.7391304347826,120.0,208.69565217391303,130.43478260869566,215.65217391304347,135.65217391304347,194.7826086956522,135.65217391304347,201.7391304347826,146.08695652173913,208.69565217391303,156.52173913043478,201.7391304347826,135.65217391304347,215.65217391304347,146.08695652173913,222.6086956521739,156.52173913043478
42,194.7826086956522,109.56521739130434,194.7826086956522,120.0,187.8260869565217,120.0,173.91304347826087,125.21739130434784,166.95652173913044,130.43478260869566,201.7391304347826,120.0,208.69565217391303,130.43478260869566,215.65217391304347,140.8695652173913,187.8260869565217,146.08695652173913,187.8260869565217,172.17391304347825,208.69565217391303,156.52173913043478,201.7391304347826,146.08695652173913,208.69565217391303,172.17391304347825,222.6086956521739,156.52173913043478
43,194.7826086956522,109.56521739130434,194.7826086956522,120.0,187.8260869565217,120.0,173.91304347826087,125.21739130434784,166.95652173913044,130.43478260869566,201.7391304347826,120.0,208.69565217391303,130.43478260869566,215.65217391304347,135.65217391304347,194.7826086956522,135.65217391304347,201.7391304347826,151.30434782608697,215.65217391304347,156.52173913043478,201.7391304347826,135.65217391304347,215.65217391304347,146.08695652173913,222.6086956521739,156.52173913043478
44,194.7826086956522,109.56521739130434,194.7826086956522,120.0,187.8260869565217,120.0,173.91304347826087,120.0,166.95652173913044,130.43478260869566,201.7391304347826,120.0,208.69565217391303,130.43478260869566,215.65217391304347,135.65217391304347,187.8260869565217,135.65217391304347,201.7391304347826,146.08695652173913,208.69565217391303,156.52173913043478,201.7391304347826,135.65217391304347,215.65217391304347,146.08695652173913,222.6086956521739,156.52173913043478
45,194.7826086956522,109.56521739130434,194.7826086956522,120.0,180.8695652173913,120.0,173.91304347826087,125.21739130434784,166.95652173913044,130.43478260869566,201.7391304347826,120.0,208.69565217391303,130.43478260869566,215.65217391304347,140.8695652173913,187.8260869565217,146.08695652173913,187.8260869565217,172.17391304347825,180.8695652173913,208.69565217391303,201.7391304347826,146.08695652173913,208.69565217391303,172.17391304347825,222.6086956521739,156.52173913043478
46,111.30434782608695,130.43478260869566,111.30434782608695,140.8695652173913,97.3913043478261,140.8695652173913,90.43478260869566,151.30434782608697,83.47826086956522,156.52173913043478,118.2608695652174,140.8695652173913,118.2608695652174,151.30434782608697,118.2608695652174,161.7391304347826,97.3913043478261,156.52173913043478,90.43478260869566,161.7391304347826,83.47826086956522,187.8260869565217,111.30434782608695,161.7391304347826,97.3913043478261,161.7391304347826,97.3913043478261,187.8260869565217
47,111.30434782608695,135.65217391304347,111.30434782608695,140.8695652173913,104.34782608695652,140.8695652173913,97.3913043478261,151.30434782608697,83.47826086956522,156.52173913043478,118.2608695652174,140.8695652173913,118.2608695652174,156.52173913043478,118.2608695652174,161.7391304347826,97.3913043478261,156.52173913043478,90.43478260869566,166.95652173913044,83.47826086956522,187.8260869565217,111.30434782608695,156.52173913043478,104.34782608695652,166.95652173913044,97.3913043478261,187.8260869565217
48,111.30434782608695,135.65217391304347,111.30434782608695,140.8695652173913,104.34782608695652,140.8695652173913,97.3913043478261,146.08695652173913,83.47826086956522,156.52173913043478,118.2608695652174,146.08695652173913,118.2608695652174,156.52173913043478,118.2608695652174,161.7391304347826,97.3913043478261,156.52173913043478,90.43478260869566,156.52173913043478,83.47826086956522,182.6086956521739,111.30434782608695,161.7391304347826,104.34782608695652,156.52173913043478,104.34782608695652,182.6086956521739
49,111.30434782608695,135.65217391304347,111.30434782608695,140.8695652173913,104.34782608695652,140.8695652173913,97.3913043478261,151.30434782608697,90.43478260869566,151.30434782608697,118.2608695652174,146.08695652173913,118.2608695652174,156.52173913043478,118.2608695652174,161.7391304347826,97.3913043478261,156.52173913043478,90.43478260869566,161.7391304347826,83.47826086956522,182.6086956521739,111.30434782608695,156.52173913043478,104.34782608695652,161.7391304347826,104.34782608695652,182.6086956521739
50,111.30434782608695,135.65217391304347,111.30434782608695,146.08695652173913,104.34782608695652,140.8695652173913,97.3913043478261,151.30434782608697,90.43478260869566,151.30434782608697,118.2608695652174,146.08695652173913,118.2608695652174,156.52173913043478,118.2608695652174,161.7391304347826,104.34782608695652,156.52173913043478,90.43478260869566,161.7391304347826,83.47826086956522,187.8260869565217,111.30434782608695,161.7391304347826,104.34782608695652,161.7391304347826,104.34782608695652,187.8260869565217
51,118.2608695652174,135.65217391304347,118.2608695652174,140.8695652173913,111.30434782608695,140.8695652173913,125.21739130434784,120.0,118.2608695652174,130.43478260869566,118.2608695652174,140.8695652173913,118.2608695652174,151.30434782608697,118.2608695652174,161.7391304347826,104.34782608695652,156.52173913043478,104.34782608695652,161.7391304347826,104.34782608695652,187.8260869565217,111.30434782608695,156.52173913043478,97.3913043478261,156.52173913043478,83.47826086956522,187.8260869565217
52,194.7826086956522,109.56521739130434,118.2608695652174,146.08695652173913,118.2608695652174,146.08695652173913,118.2608695652174,156.52173913043478,118.2608695652174,130.43478260869566,111.30434782608695,146.08695652173913,97.3913043478261,146.08695652173913,90.43478260869566,151.30434782608697,111.30434782608695,156.52173913043478,104.34782608695652,172.17391304347825,104.34782608695652,187.8260869565217,97.3913043478261,156.52173913043478,90.43478260869566,172.17391304347825,83.47826086956522,187.8260869565217
53,194.7826086956522,109.56521739130434,194.7826086956522,120.0,187.8260869565217,120.0,173.91304347826087,125.21739130434784,166.95652173913044,130.43478260869566,201.7391304347826,120.0,208.69565217391303,130.43478260869566,215.65217391304347,140.8695652173913,187.8260869565217,140.8695652173913,187.8260869565217,172.17391304347825,104.34782608695652,187.8260869565217,201.7391304347826,140.8695652173913,208.69565217391303,140.8695652173913,83.47826086956522,187.8260869565217
54,187.8260869565217,109.56521739130434,111.30434782608695,151.30434782608697,111.30434782608695,151.30434782608697,104.34782608695652,166.95652173913044,104.34782608695652,187.8260869565217,111.30434782608695,151.30434782608697,208.69565217391303,130.43478260869566,215.65217391304347,140.8695652173913,104.34782608695652,161.7391304347826,90.43478260869566,177.3913043478261,83.47826086956522,187.8260869565217,90.43478260869566,161.7391304347826,90.43478260869566,172.17391304347825,83.47826086956522,187.8260869565217
55,118.2608695652174,140.8695652173913,118.2608695652174,140.8695652173913,125.21739130434784,146.08695652173913,125.21739130434784,156.52173913043478,125.21739130434784,161.7391304347826,111.30434782608695,140.8695652173913,104.34782608695652,146.08695652173913,90.43478260869566,151.30434782608697,118.2608695652174,156.52173913043478,104.34782608695652,172.17391304347825,97.3913043478261,187.8260869565217,104.34782608695652,156.52173913043478,90.43478260869566,166.95652173913044,83.47826086956522,187.8260869565217
56,118.2608695652174,140.8695652173913,118.2608695652174,140.8695652173913,125.21739130434784,146.08695652173913,125.21739130434784,156.52173913043478,125.21739130434784,161.7391304347826,111.30434782608695,140.8695652173913,104.34782608695652,146.08695652173913,90.43478260869566,156.52173913043478,118.2608695652174,156.52173913043478,104.34782608695652,172.17391304347825,97.3913043478261,193.0434782608696,104.34782608695652,156.52173913043478,90.43478260869566,172.17391304347825,83.47826086956522,187.8260869565217
57,118.2608695652174,140.8695652173913,118.2608695652174,140.8695652173913,125.21739130434784,146.08695652173913,125.21739130434784,156.52173913043478,125.21739130434784,161.7391304347826,111.30434782608695,140.8695652173913,104.34782608695652,146.08695652173913,90.43478260869566,156.52173913043478,111.30434782608695,156.52173913043478,104.34782608695652,172.17391304347825,97.3913043478261,193.0434782608696,104.34782608695652,156.52173913043478,90.43478260869566,172.17391304347825,83.47826086956522,193.0434782608696
58,118.2608695652174,146.08695652173913,118.2608695652174,146.08695652173913,118.2608695652174,146.08695652173913,125.21739130434784,156.52173913043478,125.21739130434784,161.7391304347826,111.30434782608695,140.8695652173913,97.3913043478261,151.30434782608697,90.43478260869566,156.52173913043478,111.30434782608695,156.52173913043478,104.34782608695652,177.3913043478261,90.43478260869566,193.0434782608696,104.34782608695652,156.52173913043478,90.43478260869566,172.17391304347825,90.43478260869566,193.0434782608696
59,194.7826086956522,109.56521739130434,118.2608695652174,140.8695652173913,118.2608695652174,146.08695652173913,125.21739130434784,156.52173913043478,125.21739130434784,161.7391304347826,111.30434782608695,140.8695652173913,104.34782608695652,146.08695652173913,90.43478260869566,156.52173913043478,111.30434782608695,156.52173913043478,104.34782608695652,177.3913043478261,97.3913043478261,193.0434782608696,104.34782608695652,156.52173913043478,90.43478260869566,172.17391304347825,83.47826086956522,193.0434782608696
60,118.2608695652174,140.8695652173913,118.2608695652174,140.8695652173913,125.21739130434784,146.08695652173913,125.21739130434784,156.52173913043478,125.21739130434784,161.7391304347826,111.30434782608695,140.8695652173913,104.34782608695652,146.08695652173913,90.43478260869566,156.52173913043478,111.30434782608695,156.52173913043478,104.34782608695652,177.3913043478261,97.3913043478261,193.0434782608696,104.34782608695652,156.52173913043478,90.43478260869566,172.17391304347825,83.47826086956522,193.0434782608696
61,118.2608695652174,146.08695652173913,118.2608695652174,146.08695652173913,125.21739130434784,146.08695652173913,125.21739130434784,156.52173913043478,125.21739130434784,161.7391304347826,111.30434782608695,140.8695652173913,104.34782608695652,146.08695652173913,90.43478260869566,156.52173913043478,111.30434782608695,156.52173913043478,104.34782608695652,177.3913043478261,97.3913043478261,193.0434782608696,104.34782608695652,156.52173913043478,90.43478260869566,172.17391304347825,83.47826086956522,193.0434782608696
62,194.7826086956522,109.56521739130434,194.7826086956522,120.0,187.8260869565217,120.0,173.91304347826087,125.21739130434784,166.95652173913044,130.43478260869566,201.7391304347826,120.0,208.69565217391303,130.43478260869566,215.65217391304347,140.8695652173913,187.8260869565217,146.08695652173913,187.8260869565217,172.17391304347825,97.3913043478261,193.0434782608696,201.7391304347826,146.08695652173913,208.69565217391303,166.95652173913044,83.47826086956522,193.0434782608696
63,194.7826086956522,109.56521739130434,118.2608695652174,140.8695652173913,111.30434782608695,140.8695652173913,104.34782608695652,146.08695652173913,90.43478260869566,156.52173913043478,125.21739130434784,146.08695652173913,125.21739130434784,156.52173913043478,125.21739130434784,161.7391304347826,104.34782608695652,156.52173913043478,90.43478260869566,172.17391304347825,83.47826086956522,193.0434782608696,111.30434782608695,156.52173913043478,104.34782608695652,172.17391304347825,97.3913043478261,193.0434782608696
64,118.2608695652174,140.8695652173913,118.2608695652174,146.08695652173913,111.30434782608695,140.8695652173913,97.3913043478261,151.30434782608697,90.43478260869566,156.52173913043478,125.21739130434784,146.08695652173913,125.21739130434784,156.52173913043478,125.21739130434784,161.7391304347826,104.34782608695652,156.52173913043478,90.43478260869566,172.17391304347825,83.47826086956522,193.0434782608696,111.30434782608695,161.7391304347826,104.34782608695652,172.17391304347825,97.3913043478261,193.0434782608696
65,187.8260869565217,109.56521739130434,118.2608695652174,140.8695652173913,125.21739130434784,146.08695652173913,125.21739130434784,156.52173913043478,125.21739130434784,161.7391304347826,111.30434782608695,140.8695652173913,104.34782608695652,146.08695652173913,90.43478260869566,156.52173913043478,111.30434782608695,156.52173913043478,104.34782608695652,177.3913043478261,97.3913043478261,193.0434782608696,104.34782608695652,156.52173913043478,90.43478260869566,172.17391304347825,83.47826086956522,193.0434782608696
66,194.7826086956522,109.56521739130434,118.2608695652174,140.8695652173913,125.21739130434784,146.08695652173913,125.21739130434784,156.52173913043478,125.21739130434784,161.7391304347826,111.30434782608695,140.8695652173913,97.3913043478261,151.30434782608697,90.43478260869566,156.52173913043478,111.30434782608695,156.52173913043478,104.34782608695652,177.3913043478261,97.3913043478261,193.0434782608696,104.34782608695652,156.52173913043478,90.43478260869566,172.17391304347825,83.47826086956522,193.0434782608696
67,194.7826086956522,109.56521739130434,118.2608695652174,146.08695652173913,125.21739130434784,146.08695652173913,125.21739130434784,156.52173913043478,125.21739130434784,161.7391304347826,111.30434782608695,140.8695652173913,97.3913043478261,151.30434782608697,90.43478260869566,156.52173913043478,111.30434782608695,156.52173913043478,104.34782608695652,177.3913043478261,97.3913043478261,193.0434782608696,104.34782608695652,156.52173913043478,90.43478260869566,172.17391304347825,83.47826086956522,193.0434782608696
68,194.7826086956522,109.56521739130434,118.2608695652174,140.8695652173913,125.21739130434784,146.08695652173913,125.21739130434784,156.52173913043478,125.21739130434784,161.7391304347826,111.30434782608695,140.8695652173913,104.34782608695652,146.08695652173913,90.43478260869566,156.52173913043478,111.30434782608695,156.52173913043478,104.34782608695652,177.3913043478261,97.3913043478261,193.0434782608696,104.34782608695652,156.52173913043478,90.43478260869566,172.17391304347825,83.47826086956522,193.0434782608696
69,118.2608695652174,140.8695652173913,118.2608695652174,146.08695652173913,111.30434782608695,140.8695652173913,104.34782608695652,146.08695652173913,90.43478260869566,156.52173913043478,125.21739130434784,146.08695652173913,125.21739130434784,156.52173913043478,125.21739130434784,161.7391304347826,104.34782608695652,156.52173913043478,90.43478260869566,172.17391304347825,83.47826086956522,193.0434782608696,111.30434782608695,156.52173913043478,104.34782608695652,172.17391304347825,97.3913043478261,193.0434782608696
70,118.2608695652174,146.08695652173913,118.2608695652174,146.08695652173913,118.2608695652174,146.08695652173913,125.21739130434784,151.30434782608697,125.21739130434784,161.7391304347826,111.30434782608695,140.8695652173913,104.34782608695652,146.08695652173913,90.43478260869566,156.52173913043478,111.30434782608695,156.52173913043478,104.34782608695652,177.3913043478261,97.3913043478261,193.0434782608696,104.34782608695652,156.52173913043478,90.43478260869566,172.17391304347825,83.47826086956522,193.0434782608696
71,194.7826086956522,109.56521739130434,194.7826086956522,120.0,180.8695652173913,120.0,173.91304347826087,125.21739130434784,166.95652173913044,125.21739130434784,201.7391304347826,120.0,208.69565217391303,130.43478260869566,215.65217391304347,140.8695652173913,180.8695652173913,151.30434782608697,187.8260869565217,177.3913043478261,180.8695652173913,208.69565217391303,201.7391304347826,151.30434782608697,201.7391304347826,177.3913043478261,201.7391304347826,208.69565217391303
72,118.2608695652174,146.08695652173913,118.2608695652174,146.08695652173913,125.21739130434784,146.08695652173913,125.21739130434784,156.52173913043478,125.21739130434784,161.7391304347826,111.30434782608695,140.8695652173913,97.3913043478261,151.30434782608697,90.43478260869566,156.52173913043478,111.30434782608695,156.52173913043478,104.34782608695652,177.3913043478261,97.3913043478261,193.0434782608696,104.34782608695652,156.52173913043478,90.43478260869566,172.17391304347825,83.47826086956522,193.0434782608696
73,118.2608695652174,140.8695652173913,118.2608695652174,140.8695652173913,118.2608695652174,146.08695652173913,125.21739130434784,156.52173913043478,125.21739130434784,161.7391304347826,111.30434782608695,140.8695652173913,104.34782608695652,146.08695652173913,90.43478260869566,156.52173913043478,111.30434782608695,156.52173913043478,104.34782608695652,172.17391304347825,97.3913043478261,193.0434782608696,104.34782608695652,156.52173913043478,90.43478260869566,172.17391304347825,83.47826086956522,193.0434782608696
74,118.2608695652174,140.8695652173913,118.2608695652174,140.8695652173913,125.21739130434784,146.08695652173913,125.21739130434784,156.52173913043478,125.21739130434784,161.7391304347826,111.30434782608695,140.8695652173913,97.3913043478261,151.30434782608697,90.43478260869566,156.52173913043478,111.30434782608695,156.52173913043478,104.34782608695652,172.17391304347825,97.3913043478261,193.0434782608696,104.34782608695652,156.52173913043478,90.43478260869566,172.17391304347825,83.47826086956522,193.0434782608696
75,194.7826086956522,109.56521739130434,118.2608695652174,140.8695652173913,125.21739130434784,146.08695652173913,118.2608695652174,156.52173913043478,118.2608695652174,166.95652173913044,111.30434782608695,140.8695652173913,104.34782608695652,146.08695652173913,90.43478260869566,156.52173913043478,111.30434782608695,156.52173913043478,104.34782608695652,172.17391304347825,97.3913043478261,193.0434782608696,104.34782608695652,156.52173913043478,90.43478260869566,172.17391304347825,83.47826086956522,193.0434782608696
76,118.2608695652174,140.8695652173913,118.2608695652174,140.8695652173913,125.21739130434784,146.08695652173913,118.2608695652174,156.52173913043478,118.2608695652174,166.95652173913044,111.30434782608695,140.8695652173913,104.34782608695652,146.08695652173913,90.43478260869566,156.52173913043478,111.30434782608695,156.52173913043478,104.34782608695652,177.3913043478261,97.3913043478261,193.0434782608696,104.34782608695652,156.52173913043478,90.43478260869566,172.17391304347825,83.47826086956522,193.0434782608696
77,62.60869565217392,146.08695652173913,62.60869565217392,156.52173913043478,62.60869565217392,161.7391304347826,69.56521739130434,166.95652173913044,83.47826086956522,172.17391304347825,69.56521739130434,156.52173913043478,83.47826086956522,151.30434782608697,90.43478260869566,156.52173913043478,83.47826086956522,172.17391304347825,104.34782608695652,156.52173913043478,125.21739130434784,172.17391304347825,90.43478260869566,161.7391304347826,104.34782608695652,156.52173913043478,125.21739130434784,172.17391304347825
78,194.7826086956522,109.56521739130434,194.7826086956522,120.0,187.8260869565217,120.0,173.91304347826087,125.21739130434784,166.95652173913044,130.43478260869566,201.7391304347826,120.0,208.69565217391303,130.43478260869566,215.65217391304347,135.65217391304347,194.7826086956522,135.65217391304347,201.7391304347826,146.08695652173913,208.69565217391303,156.52173913043478,201.7391304347826,135.65217391304347,215.65217391304347,146.08695652173913,215.65217391304347,161.7391304347826
79,194.7826086956522,109.56521739130434,194.7826086956522,120.0,187.8260869565217,120.0,173.91304347826087,125.21739130434784,166.95652173913044,130.43478260869566,201.7391304347826,120.0,208.69565217391303,130.43478260869566,215.65217391304347,140.8695652173913,187.8260869565217,135.65217391304347,194.7826086956522,135.65217391304347,215.65217391304347,151.30434782608697,201.7391304347826,135.65217391304347,194.7826086956522,135.65217391304347,215.65217391304347,151.30434782608697
80,62.60869565217392,146.08695652173913,69.56521739130434,156.52173913043478,62.60869565217392,161.7391304347826,83.47826086956522,166.95652173913044,83.47826086956522,172.17391304347825,76.52173913043478,151.30434782608697,208.69565217391303,130.43478260869566,215.65217391304347,140.8695652173913,90.43478260869566,166.95652173913044,97.3913043478261,161.7391304347826,125.21739130434784,172.17391304347825,97.3913043478261,166.95652173913044,97.3913043478261,161.7391304347826,215.65217391304347,151.30434782608697
81,208.69565217391303,130.43478260869566,208.69565217391303,135.65217391304347,201.7391304347826,125.21739130434784,180.8695652173913,135.65217391304347,173.91304347826087,135.65217391304347,215.65217391304347,146.08695652173913,201.7391304347826,161.7391304347826,187.8260869565217,172.17391304347825,180.8695652173913,156.52173913043478,160.0,177.3913043478261,153.04347826086956,203.4782608695652,194.7826086956522,161.7391304347826,180.8695652173913,182.6086956521739,173.91304347826087,187.8260869565217
82,215.65217391304347,130.43478260869566,215.65217391304347,135.65217391304347,201.7391304347826,130.43478260869566,180.8695652173913,135.65217391304347,173.91304347826087,135.65217391304347,222.6086956521739,146.08695652173913,201.7391304347826,161.7391304347826,187.8260869565217,166.95652173913044,173.91304347826087,151.30434782608697,153.04347826086956,130.43478260869566,118.2608695652174,135.65217391304347,187.8260869565217,161.7391304347826,160.0,172.17391304347825,146.08695652173913,198.2608695652174
83,215.65217391304347,125.21739130434784,215.65217391304347,135.65217391304347,208.69565217391303,130.43478260869566,180.8695652173913,135.65217391304347,173.91304347826087,135.65217391304347,222.6086956521739,146.08695652173913,201.7391304347826,161.7391304347826,187.8260869565217,166.95652173913044,180.8695652173913,146.08695652173913,153.04347826086956,135.65217391304347,118.2608695652174,140.8695652173913,187.8260869565217,156.52173913043478,160.0,161.7391304347826,139.1304347826087,193.0434782608696
84,215.65217391304347,130.43478260869566,215.65217391304347,135.65217391304347,208.69565217391303,130.43478260869566,201.7391304347826,125.21739130434784,180.8695652173913,130.43478260869566,222.6086956521739,146.08695652173913,201.7391304347826,161.7391304347826,187.8260869565217,161.7391304347826,173.91304347826087,140.8695652173913,153.04347826086956,135.65217391304347,118.2608695652174,140.8695652173913,180.8695652173913,151.30434782608697,153.04347826086956,151.30434782608697,125.21739130434784,182.6086956521739
85,222.6086956521739,130.43478260869566,222.6086956521739,140.8695652173913,215.65217391304347,130.43478260869566,222.6086956521739,78.26086956521739,194.7826086956522,78.26086956521739,222.6086956521739,146.08695652173913,208.69565217391303,156.52173913043478,187.8260869565217,161.7391304347826,173.91304347826087,140.8695652173913,153.04347826086956,135.65217391304347,118.2608695652174,140.8695652173913,180.8695652173913,151.30434782608697,153.04347826086956,146.08695652173913,118.2608695652174,156.52173913043478
86,222.6086956521739,130.43478260869566,222.6086956521739,140.8695652173913,215.65217391304347,130.43478260869566,222.6086956521739,78.26086956521739,222.6086956521739,88.69565217391305,222.6086956521739,151.30434782608697,208.69565217391303,156.52173913043478,187.8260869565217,161.7391304347826,180.8695652173913,140.8695652173913,153.04347826086956,135.65217391304347,118.2608695652174,140.8695652173913,187.8260869565217,156.52173913043478,153.04347826086956,135.65217391304347,118.2608695652174,156.52173913043478
87,229.5652173913044,135.65217391304347,222.6086956521739,140.8695652173913,215.65217391304347,135.65217391304347,236.5217391304348,109.56521739130434,222.6086956521739,88.69565217391305,222.6086956521739,146.08695652173913,201.7391304347826,156.52173913043478,180.8695652173913,156.52173913043478,187.8260869565217,166.95652173913044,104.34782608695652,161.7391304347826,118.2608695652174,140.8695652173913,187.8260869565217,166.95652173913044,104.34782608695652,161.7391304347826,118.2608695652174,156.52173913043478
88,229.5652173913044,135.65217391304347,215.65217391304347,140.8695652173913,215.65217391304347,135.65217391304347,215.65217391304347,114.78260869565216,222.6086956521739,88.69565217391305,222.6086956521739,151.30434782608697,201.7391304347826,156.52173913043478,180.8695652173913,161.7391304347826,173.91304347826087,140.8695652173913,132.17391304347825,140.8695652173913,118.2608695652174,140.8695652173913,173.91304347826087,146.08695652173913,132.17391304347825,140.8695652173913,118.2608695652174,156.52173913043478
89,194.7826086956522,114.78260869565216,187.8260869565217,120.0,180.8695652173913,120.0,173.91304347826087,125.21739130434784,166.95652173913044,130.43478260869566,201.7391304347826,120.0,208.69565217391303,130.43478260869566,215.65217391304347,140.8695652173913,187.8260869565217,135.65217391304347,194.7826086956522,151.30434782608697,215.65217391304347,161.7391304347826,201.7391304347826,135.65217391304347,208.69565217391303,140.8695652173913,222.6086956521739,156.52173913043478
90,229.5652173913044,135.65217391304347,215.65217391304347,140.8695652173913,215.65217391304347,130.43478260869566,215.65217391304347,109.56521739130434,222.6086956521739,88.69565217391305,222.6086956521739,151.30434782608697,201.7391304347826,156.52173913043478,180.8695652173913,161.7391304347826,173.91304347826087,140.8695652173913,153.04347826086956,140.8695652173913,111.30434782608695,146.08695652173913,180.8695652173913,146.08695652173913,153.04347826086956,140.8695652173913,118.2608695652174,146.08695652173913
91,222.6086956521739,130.43478260869566,215.65217391304347,140.8695652173913,215.65217391304347,130.43478260869566,215.65217391304347,109.56521739130434,222.6086956521739,88.69565217391305,222.6086956521739,151.30434782608697,201.7391304347826,156.52173913043478,180.8695652173913,161.7391304347826,180.8695652173913,140.8695652173913,153.04347826086956,135.65217391304347,118.2608695652174,146.08695652173913,180.8695652173913,146.08695652173913,166.95652173913044,140.8695652173913,118.2608695652174,146.08695652173913
92,222.6086956521739,130.43478260869566,215.65217391304347,140.8695652173913,215.65217391304347,130.43478260869566,83.47826086956522,78.26086956521739,194.7826086956522,78.26086956521739,222.6086956521739,151.30434782608697,201.7391304347826,156.52173913043478,180.8695652173913,161.7391304347826,173.91304347826087,135.65217391304347,153.04347826086956,135.65217391304347,118.2608695652174,140.8695652173913,180.8695652173913,151.30434782608697,153.04347826086956,156.52173913043478,118.2608695652174,161.7391304347826
93,222.6086956521739,130.43478260869566,222.6086956521739,140.8695652173913,215.65217391304347,130.43478260869566,187.8260869565217,135.65217391304347,222.6086956521739,88.69565217391305,222.6086956521739,151.30434782608697,201.7391304347826,156.52173913043478,180.8695652173913,161.7391304347826,180.8695652173913,140.8695652173913,166.95652173913044,135.65217391304347,118.2608695652174,140.8695652173913,194.7826086956522,151.30434782608697,160.0,156.52173913043478,132.17391304347825,177.3913043478261
94,215.65217391304347,130.43478260869566,215.65217391304347,140.8695652173913,208.69565217391303,130.43478260869566,187.8260869565217,130.43478260869566,166.95652173913044,130.43478260869566,222.6086956521739,151.30434782608697,201.7391304347826,161.7391304347826,180.8695652173913,166.95652173913044,173.91304347826087,140.8695652173913,160.0,135.65217391304347,118.2608695652174,140.8695652173913,187.8260869565217,151.30434782608697,160.0,161.7391304347826,132.17391304347825,193.0434782608696
95,125.21739130434784,120.0,125.21739130434784,130.43478260869566,118.2608695652174,135.65217391304347,132.17391304347825,140.8695652173913,153.04347826086956,146.08695652173913,125.21739130434784,130.43478260869566,146.08695652173913,135.65217391304347,160.0,140.8695652173913,132.17391304347825,161.7391304347826,125.21739130434784,140.8695652173913,118.2608695652174,140.8695652173913,146.08695652173913,151.30434782608697,166.95652173913044,140.8695652173913,132.17391304347825,193.0434782608696
96,118.2608695652174,125.21739130434784,118.2608695652174,135.65217391304347,118.2608695652174,140.8695652173913,132.17391304347825,140.8695652173913,160.0,140.8695652173913,125.21739130434784,130.43478260869566,146.08695652173913,135.65217391304347,160.0,140.8695652173913,146.08695652173913,156.52173913043478,187.8260869565217,135.65217391304347,118.2608695652174,140.8695652173913,146.08695652173913,151.30434782608697,187.8260869565217,135.65217391304347,250.43478260869568,161.7391304347826
97,118.2608695652174,125.21739130434784,118.2608695652174,140.8695652173913,118.2608695652174,140.8695652173913,132.17391304347825,146.08695652173913,160.0,151.30434782608697,118.2608695652174,135.65217391304347,146.08695652173913,135.65217391304347,160.0,140.8695652173913,146.08695652173913,151.30434782608697,187.8260869565217,135.65217391304347,118.2608695652174,140.8695652173913,146.08695652173913,146.08695652173913,180.8695652173913,130.43478260869566,250.43478260869568,161.7391304347826
98,194.7826086956522,114.78260869565216,187.8260869565217,120.0,180.8695652173913,120.0,173.91304347826087,120.0,166.95652173913044,130.43478260869566,194.7826086956522,120.0,208.69565217391303,130.43478260869566,215.65217391304347,140.8695652173913,187.8260869565217,135.65217391304347,194.7826086956522,151.30434782608697,208.69565217391303,161.7391304347826,201.7391304347826,135.65217391304347,208.69565217391303,146.08695652173913,222.6086956521739,156.52173913043478
99,194.7826086956522,114.78260869565216,187.8260869565217,120.0,180.8695652173913,120.0,173.91304347826087,120.0,166.95652173913044,130.43478260869566,201.7391304347826,120.0,208.69565217391303,130.43478260869566,215.65217391304347,140.8695652173913,187.8260869565217,135.65217391304347,194.7826086956522,146.08695652173913,208.69565217391303,161.7391304347826,201.7391304347826,135.65217391304347,208.69565217391303,140.8695652173913,222.6086956521739,156.52173913043478
100,166.95652173913044,109.56521739130434,166.95652173913044,120.0,153.04347826086956,120.0,146.08695652173913,130.43478260869566,139.1304347826087,140.8695652173913,173.91304347826087,120.0,180.8695652173913,135.65217391304347,180.8695652173913,146.08695652173913,153.04347826086956,146.08695652173913,146.08695652173913,172.17391304347825,146.08695652173913,193.0434782608696,166.95652173913044,146.08695652173913,166.95652173913044,172.17391304347825,160.0,198.2608695652174
101,160.0,109.56521739130434,166.95652173913044,120.0,153.04347826086956,120.0,146.08695652173913,130.43478260869566,139.1304347826087,140.8695652173913,173.91304347826087,120.0,180.8695652173913,135.65217391304347,180.8695652173913,146.08695652173913,153.04347826086956,146.08695652173913,146.08695652173913,172.17391304347825,146.08695652173913,198.2608695652174,166.95652173913044,146.08695652173913,166.95652173913044,172.17391304347825,160.0,198.2608695652174
102,160.0,109.56521739130434,166.95652173913044,120.0,173.91304347826087,120.0,180.8695652173913,130.43478260869566,180.8695652173913,146.08695652173913,153.04347826086956,120.0,146.08695652173913,130.43478260869566,139.1304347826087,140.8695652173913,166.95652173913044,146.08695652173913,160.0,172.17391304347825,160.0,203.4782608695652,153.04347826086956,146.08695652173913,146.08695652173913,172.17391304347825,146.08695652173913,198.2608695652174
103,160.0,109.56521739130434,166.95652173913044,120.0,153.04347826086956,120.0,146.08695652173913,130.43478260869566,139.1304347826087,140.8695652173913,173.91304347826087,120.0,180.8695652173913,130.43478260869566,180.8695652173913,146.08695652173913,153.04347826086956,146.08695652173913,146.08695652173913,172.17391304347825,146.08695652173913,198.2608695652174,166.95652173913044,146.08695652173913,166.95652173913044,172.17391304347825,160.0,203.4782608695652
104,160.0,109.56521739130434,166.95652173913044,120.0,153.04347826086956,120.0,146.08695652173913,130.43478260869566,139.1304347826087,140.8695652173913,173.91304347826087,120.0,180.8695652173913,130.43478260869566,180.8695652173913,146.08695652173913,153.04347826086956,146.08695652173913,146.08695652173913,172.17391304347825,146.08695652173913,198.2608695652174,166.95652173913044,146.08695652173913,166.95652173913044,172.17391304347825,160.0,198.2608695652174
105,160.0,109.56521739130434,160.0,120.0,153.04347826086956,120.0,146.08695652173913,130.43478260869566,139.1304347826087,140.8695652173913,173.91304347826087,120.0,180.8695652173913,130.43478260869566,180.8695652173913,146.08695652173913,153.04347826086956,146.08695652173913,146.08695652173913,172.17391304347825,146.08695652173913,198.2608695652174,166.95652173913044,146.08695652173913,166.95652173913044,172.17391304347825,160.0,198.2608695652174
106,160.0,109.56521739130434,166.95652173913044,120.0,173.91304347826087,120.0,180.8695652173913,130.43478260869566,180.8695652173913,146.08695652173913,153.04347826086956,120.0,146.08695652173913,130.43478260869566,139.1304347826087,140.8695652173913,166.95652173913044,146.08695652173913,166.95652173913044,172.17391304347825,160.0,198.2608695652174,153.04347826086956,140.8695652173913,146.08695652173913,172.17391304347825,146.08695652173913,198.2608695652174
107,160.0,109.56521739130434,166.95652173913044,120.0,153.04347826086956,120.0,146.08695652173913,130.43478260869566,139.1304347826087,140.8695652173913,173.91304347826087,120.0,180.8695652173913,130.43478260869566,201.7391304347826,78.26086956521739,153.04347826086956,146.08695652173913,146.08695652173913,166.95652173913044,146.08695652173913,198.2608695652174,166.95652173913044,146.08695652173913,166.95652173913044,172.17391304347825,160.0,198.2608695652174
108,160.0,109.56521739130434,166.95652173913044,120.0,153.04347826086956,120.0,180.8695652173913,125.21739130434784,180.8695652173913,146.08695652173913,173.91304347826087,120.0,222.6086956521739,78.26086956521739,194.7826086956522,78.26086956521739,153.04347826086956,146.08695652173913,146.08695652173913,166.95652173913044,153.04347826086956,198.2608695652174,166.95652173913044,146.08695652173913,153.04347826086956,166.95652173913044,146.08695652173913,198.2608695652174
109,160.0,109.56521739130434,166.95652173913044,120.0,153.04347826086956,120.0,146.08695652173913,130.43478260869566,139.1304347826087,140.8695652173913,173.91304347826087,120.0,180.8695652173913,130.43478260869566,180.8695652173913,146.08695652173913,153.04347826086956,146.08695652173913,146.08695652173913,166.95652173913044,146.08695652173913,193.0434782608696,166.95652173913044,146.08695652173913,166.95652173913044,172.17391304347825,160.0,198.2608695652174
110,160.0,109.56521739130434,160.0,120.0,153.04347826086956,120.0,146.08695652173913,130.43478260869566,139.1304347826087,140.8695652173913,173.91304347826087,120.0,180.8695652173913,130.43478260869566,180.8695652173913,146.08695652173913,153.04347826086956,146.08695652173913,146.08695652173913,166.95652173913044,146.08695652173913,198.2608695652174,166.95652173913044,146.08695652173913,166.95652173913044,172.17391304347825,160.0,198.2608695652174
111,125.21739130434784,198.2608695652174,125.21739130434784,198.2608695652174,132.17391304347825,182.6086956521739,166.95652173913044,182.6086956521739,139.1304347826087,140.8695652173913,118.2608695652174,208.69565217391303,132.17391304347825,229.5652173913044,69.56521739130434,109.56521739130434,180.8695652173913,208.69565217391303,201.7391304347826,224.34782608695653,222.6086956521739,203.4782608695652,173.91304347826087,219.1304347826087,194.7826086956522,224.34782608695653,229.5652173913044,224.34782608695653
112,125.21739130434784,198.2608695652174,125.21739130434784,198.2608695652174,132.17391304347825,187.8260869565217,160.0,182.6086956521739,139.1304347826087,140.8695652173913,118.2608695652174,208.69565217391303,132.17391304347825,229.5652173913044,69.56521739130434,109.56521739130434,173.91304347826087,213.91304347826087,194.7826086956522,224.34782608695653,222.6086956521739,203.4782608695652,166.95652173913044,219.1304347826087,194.7826086956522,224.34782608695653,229.5652173913044,224.34782608695653
113,194.7826086956522,114.78260869565216,187.8260869565217,120.0,180.8695652173913,120.0,173.91304347826087,125.21739130434784,166.95652173913044,130.43478260869566,201.7391304347826,120.0,208.69565217391303,130.43478260869566,215.65217391304347,140.8695652173913,187.8260869565217,135.65217391304347,194.7826086956522,146.08695652173913,208.69565217391303,161.7391304347826,201.7391304347826,135.65217391304347,208.69565217391303,146.08695652173913,222.6086956521739,156.52173913043478
114,90.43478260869566,203.4782608695652,118.2608695652174,198.2608695652174,125.21739130434784,187.8260869565217,153.04347826086956,182.6086956521739,104.34782608695652,177.3913043478261,111.30434782608695,208.69565217391303,132.17391304347825,229.5652173913044,69.56521739130434,109.56521739130434,173.91304347826087,213.91304347826087,194.7826086956522,224.34782608695653,229.5652173913044,224.34782608695653,160.0,219.1304347826087,194.7826086956522,224.34782608695653,229.5652173913044,224.34782608695653
115,187.8260869565217,73.04347826086956,118.2608695652174,198.2608695652174,125.21739130434784,187.8260869565217,153.04347826086956,182.6086956521739,104.34782608695652,177.3913043478261,111.30434782608695,208.69565217391303,132.17391304347825,224.34782608695653,132.17391304347825,234.7826086956522,166.95652173913044,213.91304347826087,187.8260869565217,234.7826086956522,229.5652173913044,224.34782608695653,160.0,224.34782608695653,201.7391304347826,224.34782608695653,229.5652173913044,224.34782608695653
116,118.2608695652174,198.2608695652174,118.2608695652174,198.2608695652174,125.21739130434784,193.0434782608696,153.04347826086956,182.6086956521739,104.34782608695652,177.3913043478261,111.30434782608695,208.69565217391303,132.17391304347825,224.34782608695653,132.17391304347825,234.7826086956522,166.95652173913044,213.91304347826087,194.7826086956522,224.34782608695653,229.5652173913044,224.34782608695653,160.0,219.1304347826087,194.7826086956522,224.34782608695653,229.5652173913044,224.34782608695653
117,97.3913043478261,203.4782608695652,118.2608695652174,198.2608695652174,125.21739130434784,187.8260869565217,153.04347826086956,182.6086956521739,104.34782608695652,177.3913043478261,111.30434782608695,208.69565217391303,132.17391304347825,224.34782608695653,132.17391304347825,234.7826086956522,160.0,203.4782608695652,187.8260869565217,208.69565217391303,222.6086956521739,208.69565217391303,153.04347826086956,224.34782608695653,187.8260869565217,224.34782608695653,222.6086956521739,208.69565217391303
118,97.3913043478261,203.4782608695652,118.2608695652174,198.2608695652174,132.17391304347825,187.8260869565217,153.04347826086956,182.6086956521739,104.34782608695652,213.91304347826087,118.2608695652174,208.69565217391303,132.17391304347825,224.34782608695653,194.7826086956522,78.26086956521739,166.95652173913044,208.69565217391303,194.7826086956522,224.34782608695653,222.6086956521739,208.69565217391303,160.0,219.1304347826087,194.7826086956522,224.34782608695653,222.6086956521739,224.34782608695653
119,97.3913043478261,198.2608695652174,125.21739130434784,198.2608695652174,132.17391304347825,187.8260869565217,153.04347826086956,182.6086956521739,104.34782608695652,213.91304347826087,118.2608695652174,203.4782608695652,132.17391304347825,224.34782608695653,132.17391304347825,234.7826086956522,166.95652173913044,213.91304347826087,194.7826086956522,213.91304347826087,229.5652173913044,219.1304347826087,153.04347826086956,224.34782608695653,194.7826086956522,219.1304347826087,222.6086956521739,219.1304347826087
120,118.2608695652174,135.65217391304347,118.2608695652174,146.08695652173913,125.21739130434784,146.08695652173913,153.04347826086956,182.6086956521739,104.34782608695652,213.91304347826087,118.2608695652174,146.08695652173913,104.34782608695652,151.30434782608697,132.17391304347825,234.7826086956522,111.30434782608695,156.52173913043478,104.34782608695652,166.95652173913044,97.3913043478261,187.8260869565217,104.34782608695652,156.52173913043478,90.43478260869566,161.7391304347826,76.52173913043478,182.6086956521739
121,125.21739130434784,198.2608695652174,125.21739130434784,198.2608695652174,139.1304347826087,187.8260869565217,139.1304347826087,182.6086956521739,118.2608695652174,177.3913043478261,118.2608695652174,208.69565217391303,125.21739130434784,234.7826086956522,69.56521739130434,109.56521739130434,173.91304347826087,213.91304347826087,125.21739130434784,234.7826086956522,222.6086956521739,208.69565217391303,160.0,224.34782608695653,125.21739130434784,234.7826086956522,76.52173913043478,182.6086956521739
122,118.2608695652174,140.8695652173913,118.2608695652174,140.8695652173913,125.21739130434784,140.8695652173913,118.2608695652174,156.52173913043478,118.2608695652174,156.52173913043478,111.30434782608695,140.8695652173913,97.3913043478261,146.08695652173913,90.43478260869566,151.30434782608697,111.30434782608695,156.52173913043478,104.34782608695652,172.17391304347825,97.3913043478261,187.8260869565217,97.3913043478261,156.52173913043478,90.43478260869566,166.95652173913044,76.52173913043478,182.6086956521739
123,194.7826086956522,109.56521739130434,194.7826086956522,120.0,187.8260869565217,120.0,173.91304347826087,125.21739130434784,166.95652173913044,130.43478260869566,201.7391304347826,120.0,208.69565217391303,130.43478260869566,215.65217391304347,135.65217391304347,194.7826086956522,135.65217391304347,201.7391304347826,146.08695652173913,208.69565217391303,161.7391304347826,201.7391304347826,135.65217391304347,215.65217391304347,151.30434782608697,215.65217391304347,161.7391304347826
124,118.2608695652174,140.8695652173913,118.2608695652174,140.8695652173913,118.2608695652174,140.8695652173913,118.2608695652174,156.52173913043478,125.21739130434784,161.7391304347826,111.30434782608695,140.8695652173913,97.3913043478261,146.08695652173913,90.43478260869566,156.52173913043478,111.30434782608695,156.52173913043478,104.34782608695652,172.17391304347825,97.3913043478261,187.8260869565217,97.3913043478261,156.52173913043478,90.43478260869566,172.17391304347825,97.3913043478261,187.8260869565217
125,187.8260869565217,73.04347826086956,208.69565217391303,203.4782608695652,215.65217391304347,213.91304347826087,194.7826086956522,229.5652173913044,125.21739130434784,161.7391304347826,208.69565217391303,193.0434782608696,90.43478260869566,78.26086956521739,69.56521739130434,109.56521739130434,166.95652173913044,229.5652173913044,153.04347826086956,234.7826086956522,97.3913043478261,187.8260869565217,153.04347826086956,213.91304347826087,153.04347826086956,234.7826086956522,111.30434782608695,213.91304347826087
126,111.30434782608695,146.08695652173913,111.30434782608695,146.08695652173913,118.2608695652174,146.08695652173913,118.2608695652174,156.52173913043478,118.2608695652174,161.7391304347826,104.34782608695652,140.8695652173913,97.3913043478261,151.30434782608697,90.43478260869566,156.52173913043478,111.30434782608695,161.7391304347826,104.34782608695652,172.17391304347825,97.3913043478261,187.8260869565217,97.3913043478261,156.52173913043478,90.43478260869566,172.17391304347825,76.52173913043478,193.0434782608696
127,180.8695652173913,114.78260869565216,111.30434782608695,140.8695652173913,104.34782608695652,140.8695652173913,97.3913043478261,151.30434782608697,90.43478260869566,156.52173913043478,118.2608695652174,146.08695652173913,118.2608695652174,156.52173913043478,125.21739130434784,161.7391304347826,97.3913043478261,156.52173913043478,90.43478260869566,172.17391304347825,76.52173913043478,193.0434782608696,111.30434782608695,161.7391304347826,104.34782608695652,177.3913043478261,90.43478260869566,198.2608695652174
128,118.2608695652174,140.8695652173913,118.2608695652174,140.8695652173913,125.21739130434784,146.08695652173913,125.21739130434784,156.52173913043478,125.21739130434784,161.7391304347826,111.30434782608695,140.8695652173913,104.34782608695652,146.08695652173913,90.43478260869566,156.52173913043478,111.30434782608695,156.52173913043478,104.34782608695652,177.3913043478261,90.43478260869566,198.2608695652174,104.34782608695652,156.52173913043478,90.43478260869566,172.17391304347825,76.52173913043478,193.0434782608696
129,187.8260869565217,73.04347826086956,222.6086956521739,208.69565217391303,222.6086956521739,213.91304347826087,236.5217391304348,234.7826086956522,257.39130434782606,229.5652173913044,222.6086956521739,198.2608695652174,90.43478260869566,78.26086956521739,69.56521739130434,109.56521739130434,180.8695652173913,219.1304347826087,153.04347826086956,234.7826086956522,90.43478260869566,198.2608695652174,180.8695652173913,203.4782608695652,153.04347826086956,208.69565217391303,111.30434782608695,208.69565217391303
130,236.5217391304348,219.1304347826087,222.6086956521739,208.69565217391303,222.6086956521739,213.91304347826087,236.5217391304348,234.7826086956522,257.39130434782606,229.5652173913044,222.6086956521739,198.2608695652174,83.47826086956522,78.26086956521739,69.56521739130434,109.56521739130434,180.8695652173913,213.91304347826087,153.04347826086956,219.1304347826087,90.43478260869566,198.2608695652174,180.8695652173913,203.4782608695652,153.04347826086956,219.1304347826087,118.2608695652174,203.4782608695652
131,236.5217391304348,213.91304347826087,215.65217391304347,203.4782608695652,222.6086956521739,213.91304347826087,236.5217391304348,234.7826086956522,257.39130434782606,229.5652173913044,222.6086956521739,198.2608695652174,83.47826086956522,78.26086956521739,257.39130434782606,219.1304347826087,180.8695652173913,213.91304347826087,153.04347826086956,219.1304347826087,111.30434782608695,213.91304347826087,173.91304347826087,203.4782608695652,146.08695652173913,213.91304347826087,111.30434782608695,213.91304347826087
132,118.2608695652174,140.8695652173913,118.2608695652174,140.8695652173913,125.21739130434784,146.08695652173913,125.21739130434784,156.52173913043478,125.21739130434784,161.7391304347826,111.30434782608695,140.8695652173913,104.34782608695652,146.08695652173913,90.43478260869566,156.52173913043478,111.30434782608695,156.52173913043478,104.34782608695652,177.3913043478261,97.3913043478261,193.0434782608696,104.34782608695652,156.52173913043478,90.43478260869566,172.17391304347825,76.52173913043478,193.0434782608696
133,118.2608695652174,140.8695652173913,118.2608695652174,140.8695652173913,125.21739130434784,146.08695652173913,125.21739130434784,156.52173913043478,125.21739130434784,161.7391304347826,111.30434782608695,140.8695652173913,104.34782608695652,146.08695652173913,90.43478260869566,156.52173913043478,111.30434782608695,156.52173913043478,104.34782608695652,177.3913043478261,97.3913043478261,193.0434782608696,97.3913043478261,156.52173913043478,90.43478260869566,172.17391304347825,76.52173913043478,198.2608695652174
134,118.2608695652174,146.08695652173913,118.2608695652174,146.08695652173913,118.2608695652174,146.08695652173913,125.21739130434784,156.52173913043478,125.21739130434784,161.7391304347826,111.30434782608695,140.8695652173913,104.34782608695652,146.08695652173913,90.43478260869566,156.52173913043478,111.30434782608695,156.52173913043478,104.34782608695652,177.3913043478261,97.3913043478261,193.0434782608696,104.34782608695652,156.52173913043478,83.47826086956522,177.3913043478261,76.52173913043478,193.0434782608696
135,118.2608695652174,140.8695652173913,118.2608695652174,140.8695652173913,125.21739130434784,146.08695652173913,125.21739130434784,156.52173913043478,125.21739130434784,161.7391304347826,111.30434782608695,140.8695652173913,104.34782608695652,146.08695652173913,90.43478260869566,156.52173913043478,111.30434782608695,156.52173913043478,104.34782608695652,177.3913043478261,97.3913043478261,193.0434782608696,104.34782608695652,156.52173913043478,90.43478260869566,177.3913043478261,76.52173913043478,193.0434782608696
136,118.2608695652174,140.8695652173913,118.2608695652174,140.8695652173913,125.21739130434784,146.08695652173913,125.21739130434784,156.52173913043478,125.21739130434784,161.7391304347826,111.30434782608695,140.8695652173913,97.3913043478261,146.08695652173913,90.43478260869566,156.52173913043478,111.30434782608695,156.52173913043478,104.34782608695652,177.3913043478261,97.3913043478261,193.0434782608696,97.3913043478261,156.52173913043478,83.47826086956522,177.3913043478261,76.52173913043478,193.0434782608696
137,208.69565217391303,193.0434782608696,208.69565217391303,193.0434782608696,215.65217391304347,203.4782608695652,215.65217391304347,219.1304347826087,215.65217391304347,234.7826086956522,201.7391304347826,182.6086956521739,173.91304347826087,182.6086956521739,194.7826086956522,78.26086956521739,166.95652173913044,213.91304347826087,146.08695652173913,229.5652173913044,97.3913043478261,193.0434782608696,160.0,198.2608695652174,146.08695652173913,208.69565217391303,118.2608695652174,208.69565217391303
138,187.8260869565217,73.04347826086956,208.69565217391303,193.0434782608696,215.65217391304347,203.4782608695652,215.65217391304347,229.5652173913044,215.65217391304347,234.7826086956522,201.7391304347826,182.6086956521739,90.43478260869566,78.26086956521739,69.56521739130434,109.56521739130434,166.95652173913044,208.69565217391303,146.08695652173913,224.34782608695653,97.3913043478261,193.0434782608696,160.0,193.0434782608696,139.1304347826087,208.69565217391303,118.2608695652174,208.69565217391303
139,166.95652173913044,104.34782608695652,160.0,114.78260869565216,153.04347826086956,114.78260869565216,146.08695652173913,130.43478260869566,146.08695652173913,140.8695652173913,173.91304347826087,120.0,173.91304347826087,135.65217391304347,173.91304347826087,146.08695652173913,153.04347826086956,140.8695652173913,146.08695652173913,166.95652173913044,146.08695652173913,187.8260869565217,166.95652173913044,140.8695652173913,166.95652173913044,166.95652173913044,160.0,193.0434782608696
140,166.95652173913044,109.56521739130434,160.0,120.0,153.04347826086956,120.0,146.08695652173913,130.43478260869566,139.1304347826087,140.8695652173913,173.91304347826087,120.0,180.8695652173913,135.65217391304347,201.7391304347826,78.26086956521739,153.04347826086956,146.08695652173913,146.08695652173913,166.95652173913044,146.08695652173913,187.8260869565217,166.95652173913044,146.08695652173913,160.0,166.95652173913044,153.04347826086956,187.8260869565217
141,208.69565217391303,88.69565217391305,166.95652173913044,114.78260869565216,173.91304347826087,120.0,180.8695652173913,130.43478260869566,180.8695652173913,140.8695652173913,153.04347826086956,114.78260869565216,146.08695652173913,130.43478260869566,139.1304347826087,140.8695652173913,166.95652173913044,140.8695652173913,166.95652173913044,166.95652173913044,160.0,198.2608695652174,153.04347826086956,140.8695652173913,146.08695652173913,166.95652173913044,146.08695652173913,193.0434782608696
142,194.7826086956522,109.56521739130434,194.7826086956522,120.0,187.8260869565217,120.0,173.91304347826087,120.0,166.95652173913044,130.43478260869566,201.7391304347826,120.0,208.69565217391303,130.43478260869566,215.65217391304347,135.65217391304347,194.7826086956522,135.65217391304347,201.7391304347826,146.08695652173913,208.69565217391303,161.7391304347826,201.7391304347826,135.65217391304347,215.65217391304347,146.08695652173913,222.6086956521739,156.52173913043478
143,118.2608695652174,140.8695652173913,118.2608695652174,140.8695652173913,125.21739130434784,146.08695652173913,125.21739130434784,156.52173913043478,125.21739130434784,161.7391304347826,111.30434782608695,140.8695652173913,97.3913043478261,146.08695652173913,90.43478260869566,156.52173913043478,111.30434782608695,156.52173913043478,104.34782608695652,177.3913043478261,97.3913043478261,198.2608695652174,97.3913043478261,156.52173913043478,83.47826086956522,177.3913043478261,76.52173913043478,193.0434782608696
144,118.2608695652174,140.8695652173913,118.2608695652174,140.8695652173913,125.21739130434784,146.08695652173913,125.21739130434784,156.52173913043478,125.21739130434784,161.7391304347826,111.30434782608695,140.8695652173913,97.3913043478261,146.08695652173913,90.43478260869566,156.52173913043478,111.30434782608695,156.52173913043478,104.34782608695652,177.3913043478261,97.3913043478261,193.0434782608696,97.3913043478261,156.52173913043478,90.43478260869566,172.17391304347825,76.52173913043478,193.0434782608696
145,118.2608695652174,140.8695652173913,118.2608695652174,140.8695652173913,125.21739130434784,146.08695652173913,125.21739130434784,156.52173913043478,125.21739130434784,161.7391304347826,111.30434782608695,140.8695652173913,104.34782608695652,146.08695652173913,90.43478260869566,156.52173913043478,111.30434782608695,156.52173913043478,104.34782608695652,177.3913043478261,97.3913043478261,193.0434782608696,97.3913043478261,156.52173913043478,90.43478260869566,172.17391304347825,76.52173913043478,193.0434782608696
146,118.2608695652174,140.8695652173913,118.2608695652174,140.8695652173913,125.21739130434784,146.08695652173913,125.21739130434784,156.52173913043478,125.21739130434784,161.7391304347826,111.30434782608695,140.8695652173913,97.3913043478261,146.08695652173913,90.43478260869566,156.52173913043478,111.30434782608695,156.52173913043478,104.34782608695652,177.3913043478261,97.3913043478261,198.2608695652174,97.3913043478261,156.52173913043478,90.43478260869566,172.17391304347825,76.52173913043478,193.0434782608696
147,118.2608695652174,140.8695652173913,118.2608695652174,140.8695652173913,125.21739130434784,146.08695652173913,125.21739130434784,156.52173913043478,125.21739130434784,161.7391304347826,111.30434782608695,140.8695652173913,104.34782608695652,146.08695652173913,90.43478260869566,156.52173913043478,111.30434782608695,156.52173913043478,104.34782608695652,177.3913043478261,97.3913043478261,198.2608695652174,97.3913043478261,156.52173913043478,83.47826086956522,177.3913043478261,76.52173913043478,193.0434782608696
148,118.2608695652174,140.8695652173913,118.2608695652174,140.8695652173913,125.21739130434784,146.08695652173913,125.21739130434784,156.52173913043478,125.21739130434784,161.7391304347826,111.30434782608695,140.8695652173913,104.34782608695652,146.08695652173913,90.43478260869566,156.52173913043478,111.30434782608695,156.52173913043478,104.34782608695652,177.3913043478261,97.3913043478261,198.2608695652174,97.3913043478261,156.52173913043478,83.47826086956522,172.17391304347825,76.52173913043478,193.0434782608696
149,118.2608695652174,140.8695652173913,118.2608695652174,140.8695652173913,125.21739130434784,146.08695652173913,125.21739130434784,156.52173913043478,125.21739130434784,161.7391304347826,111.30434782608695,140.8695652173913,97.3913043478261,146.08695652173913,90.43478260869566,156.52173913043478,111.30434782608695,156.52173913043478,104.34782608695652,177.3913043478261,97.3913043478261,198.2608695652174,104.34782608695652,156.52173913043478,83.47826086956522,177.3913043478261,76.52173913043478,193.0434782608696
150,194.7826086956522,109.56521739130434,194.7826086956522,120.0,187.8260869565217,120.0,173.91304347826087,120.0,173.91304347826087,125.21739130434784,201.7391304347826,120.0,208.69565217391303,130.43478260869566,215.65217391304347,135.65217391304347,194.7826086956522,135.65217391304347,201.7391304347826,146.08695652173913,208.69565217391303,161.7391304347826,201.7391304347826,135.65217391304347,215.65217391304347,146.08695652173913,222.6086956521739,156.52173913043478
151,118.2608695652174,140.8695652173913,118.2608695652174,140.8695652173913,125.21739130434784,146.08695652173913,125.21739130434784,156.52173913043478,125.21739130434784,161.7391304347826,111.30434782608695,140.8695652173913,104.34782608695652,146.08695652173913,90.43478260869566,156.52173913043478,111.30434782608695,156.52173913043478,104.34782608695652,177.3913043478261,97.3913043478261,198.2608695652174,104.34782608695652,156.52173913043478,90.43478260869566,172.17391304347825,76.52173913043478,193.0434782608696
152,187.8260869565217,114.78260869565216,118.2608695652174,140.8695652173913,125.21739130434784,146.08695652173913,125.21739130434784,156.52173913043478,125.21739130434784,161.7391304347826,111.30434782608695,140.8695652173913,97.3913043478261,146.08695652173913,90.43478260869566,156.52173913043478,111.30434782608695,156.52173913043478,104.34782608695652,177.3913043478261,97.3913043478261,198.2608695652174,97.3913043478261,156.52173913043478,83.47826086956522,172.17391304347825,76.52173913043478,193.0434782608696
153,118.2608695652174,140.8695652173913,118.2608695652174,140.8695652173913,118.2608695652174,146.08695652173913,125.21739130434784,156.52173913043478,125.21739130434784,161.7391304347826,111.30434782608695,140.8695652173913,97.3913043478261,151.30434782608697,90.43478260869566,156.52173913043478,111.30434782608695,156.52173913043478,104.34782608695652,177.3913043478261,97.3913043478261,198.2608695652174,97.3913043478261,156.52173913043478,83.47826086956522,177.3913043478261,76.52173913043478,193.0434782608696
154,118.2608695652174,140.8695652173913,118.2608695652174,140.8695652173913,125.21739130434784,146.08695652173913,125.21739130434784,156.52173913043478,125.21739130434784,161.7391304347826,111.30434782608695,140.8695652173913,97.3913043478261,151.30434782608697,90.43478260869566,156.52173913043478,111.30434782608695,156.52173913043478,104.34782608695652,177.3913043478261,97.3913043478261,198.2608695652174,97.3913043478261,156.52173913043478,83.47826086956522,172.17391304347825,76.52173913043478,193.0434782608696
155,118.2608695652174,140.8695652173913,118.2608695652174,140.8695652173913,125.21739130434784,146.08695652173913,125.21739130434784,156.52173913043478,125.21739130434784,161.7391304347826,111.30434782608695,140.8695652173913,97.3913043478261,146.08695652173913,90.43478260869566,156.52173913043478,111.30434782608695,156.52173913043478,104.34782608695652,177.3913043478261,97.3913043478261,198.2608695652174,97.3913043478261,156.52173913043478,83.47826086956522,172.17391304347825,76.52173913043478,193.0434782608696
156,194.7826086956522,109.56521739130434,194.7826086956522,120.0,187.8260869565217,120.0,173.91304347826087,125.21739130434784,166.95652173913044,130.43478260869566,201.7391304347826,120.0,208.69565217391303,130.43478260869566,215.65217391304347,135.65217391304347,194.7826086956522,135.65217391304347,201.7391304347826,146.08695652173913,215.65217391304347,161.7391304347826,201.7391304347826,135.65217391304347,215.65217391304347,146.08695652173913,222.6086956521739,156.52173913043478
157,111.30434782608695,140.8695652173913,111.30434782608695,140.8695652173913,118.2608695652174,146.08695652173913,125.21739130434784,156.52173913043478,125.21739130434784,161.7391304347826,104.34782608695652,140.8695652173913,97.3913043478261,146.08695652173913,90.43478260869566,156.52173913043478,111.30434782608695,156.52173913043478,104.34782608695652,177.3913043478261,97.3913043478261,193.0434782608696,104.34782608695652,156.52173913043478,83.47826086956522,172.17391304347825,76.52173913043478,193.0434782608696
158,111.30434782608695,140.8695652173913,111.30434782608695,146.08695652173913,104.34782608695652,146.08695652173913,90.43478260869566,151.30434782608697,90.43478260869566,156.52173913043478,118.2608695652174,146.08695652173913,125.21739130434784,161.7391304347826,118.2608695652174,166.95652173913044,97.3913043478261,161.7391304347826,104.34782608695652,161.7391304347826,97.3913043478261,187.8260869565217,111.30434782608695,166.95652173913044,90.43478260869566,172.17391304347825,76.52173913043478,193.0434782608696
