,0x,0y,1x,1y,2x,2y,3x,3y,4x,4y,5x,5y,6x,6y,7x,7y,8x,8y,9x,9y,10x,10y,11x,11y,12x,12y,13x,13y,14x,14y,15x,15y,16x,16y,17x,17y
0,104.34782608695652,93.91304347826087,104.34782608695652,104.34782608695652,104.34782608695652,109.56521739130434,125.21739130434783,114.78260869565217,146.08695652173913,109.56521739130434,104.34782608695652,104.34782608695652,,,278.2608695652174,208.69565217391303,132.17391304347825,120.0,153.04347826086956,109.56521739130434,166.95652173913044,114.78260869565217,132.17391304347825,120.0,,,173.91304347826087,125.21739130434783,104.34782608695652,93.91304347826087,,,97.3913043478261,99.1304347826087,,
1,104.34782608695652,93.91304347826087,97.3913043478261,109.56521739130434,104.34782608695652,109.56521739130434,125.21739130434783,99.1304347826087,111.30434782608695,99.1304347826087,90.43478260869566,114.78260869565217,,,278.2608695652174,208.69565217391303,125.21739130434783,114.78260869565217,153.04347826086956,109.56521739130434,173.91304347826087,120.0,125.21739130434783,120.0,146.08695652173913,109.56521739130434,180.8695652173913,130.43478260869566,97.3913043478261,93.91304347826087,,,97.3913043478261,99.1304347826087,,
2,104.34782608695652,93.91304347826087,104.34782608695652,109.56521739130434,104.34782608695652,109.56521739130434,125.21739130434783,104.34782608695652,111.30434782608695,99.1304347826087,97.3913043478261,109.56521739130434,,,278.2608695652174,208.69565217391303,132.17391304347825,114.78260869565217,153.04347826086956,104.34782608695652,173.91304347826087,120.0,125.21739130434783,120.0,153.04347826086956,114.78260869565217,180.8695652173913,130.43478260869566,104.34782608695652,93.91304347826087,,,97.3913043478261,99.1304347826087,,
3,104.34782608695652,93.91304347826087,104.34782608695652,104.34782608695652,104.34782608695652,109.56521739130434,111.30434782608695,114.78260869565217,111.30434782608695,99.1304347826087,111.30434782608695,99.1304347826087,125.21739130434783,104.34782608695652,278.2608695652174,208.69565217391303,132.17391304347825,120.0,146.08695652173913,104.34782608695652,166.95652173913044,114.78260869565217,132.17391304347825,114.78260869565217,146.08695652173913,104.34782608695652,166.95652173913044,114.78260869565217,97.3913043478261,93.91304347826087,,,97.3913043478261,99.1304347826087,,
4,104.34782608695652,93.91304347826087,104.34782608695652,104.34782608695652,104.34782608695652,109.56521739130434,118.26086956521739,114.78260869565217,125.21739130434783,104.34782608695652,111.30434782608695,99.1304347826087,125.21739130434783,104.34782608695652,278.2608695652174,208.69565217391303,132.17391304347825,120.0,146.08695652173913,104.34782608695652,166.95652173913044,120.0,132.17391304347825,114.78260869565217,146.08695652173913,104.34782608695652,160.0,114.78260869565217,97.3913043478261,93.91304347826087,97.3913043478261,93.91304347826087,97.3913043478261,99.1304347826087,,
5,104.34782608695652,93.91304347826087,104.34782608695652,104.34782608695652,104.34782608695652,109.56521739130434,125.21739130434783,114.78260869565217,,,104.34782608695652,104.34782608695652,118.26086956521739,99.1304347826087,278.2608695652174,208.69565217391303,132.17391304347825,120.0,146.08695652173913,104.34782608695652,173.91304347826087,120.0,132.17391304347825,114.78260869565217,153.04347826086956,114.78260869565217,166.95652173913044,120.0,97.3913043478261,93.91304347826087,97.3913043478261,93.91304347826087,97.3913043478261,99.1304347826087,,
6,104.34782608695652,93.91304347826087,104.34782608695652,104.34782608695652,104.34782608695652,104.34782608695652,125.21739130434783,114.78260869565217,,,104.34782608695652,104.34782608695652,,,278.2608695652174,208.69565217391303,132.17391304347825,120.0,146.08695652173913,104.34782608695652,166.95652173913044,120.0,132.17391304347825,114.78260869565217,,,,,97.3913043478261,93.91304347826087,,,97.3913043478261,99.1304347826087,,
7,,,104.34782608695652,104.34782608695652,104.34782608695652,104.34782608695652,,,,,104.34782608695652,104.34782608695652,,,278.2608695652174,208.69565217391303,,,146.08695652173913,104.34782608695652,,,,,,,,,,,,,,,,
8,,,104.34782608695652,99.1304347826087,111.30434782608695,99.1304347826087,,,,,104.34782608695652,104.34782608695652,,,278.2608695652174,208.69565217391303,132.17391304347825,114.78260869565217,146.08695652173913,104.34782608695652,166.95652173913044,120.0,139.1304347826087,114.78260869565217,,,,,,,,,97.3913043478261,93.91304347826087,,
9,,,111.30434782608695,99.1304347826087,111.30434782608695,99.1304347826087,,,,,111.30434782608695,104.34782608695652,,,278.2608695652174,208.69565217391303,,,146.08695652173913,104.34782608695652,166.95652173913044,120.0,139.1304347826087,109.56521739130434,,,,,,,,,,,,
10,,,111.30434782608695,99.1304347826087,111.30434782608695,104.34782608695652,,,278.2608695652174,208.69565217391303,104.34782608695652,104.34782608695652,,,278.2608695652174,208.69565217391303,,,146.08695652173913,104.34782608695652,166.95652173913044,120.0,,,,,,,,,,,,,,
11,,,,,,,,,285.2173913043478,177.3913043478261,,,,,278.2608695652174,208.69565217391303,,,111.30434782608695,104.34782608695652,153.04347826086956,109.56521739130434,,,104.34782608695652,104.34782608695652,153.04347826086956,109.56521739130434,,,,,,,,
12,,,,,,,,,,,,,,,278.2608695652174,208.69565217391303,,,,,153.04347826086956,109.56521739130434,,,,,,,,,,,,,,
13,,,,,,,,,278.2608695652174,208.69565217391303,,,,,278.2608695652174,208.69565217391303,,,111.30434782608695,104.34782608695652,153.04347826086956,109.56521739130434,,,104.34782608695652,104.34782608695652,,,,,,,,,,
14,,,111.30434782608695,104.34782608695652,111.30434782608695,104.34782608695652,,,278.2608695652174,208.69565217391303,104.34782608695652,104.34782608695652,,,278.2608695652174,208.69565217391303,146.08695652173913,109.56521739130434,153.04347826086956,104.34782608695652,160.0,120.0,146.08695652173913,114.78260869565217,,,,,,,,,97.3913043478261,99.1304347826087,97.3913043478261,99.1304347826087
15,,,,,,,,,278.2608695652174,208.69565217391303,111.30434782608695,104.34782608695652,,,278.2608695652174,208.69565217391303,,,111.30434782608695,104.34782608695652,153.04347826086956,104.34782608695652,,,111.30434782608695,104.34782608695652,153.04347826086956,109.56521739130434,,,,,,,104.34782608695652,99.1304347826087
16,,,111.30434782608695,104.34782608695652,111.30434782608695,104.34782608695652,,,,,111.30434782608695,104.34782608695652,,,278.2608695652174,208.69565217391303,,,,,,,153.04347826086956,109.56521739130434,,,,,,,,,104.34782608695652,99.1304347826087,104.34782608695652,99.1304347826087
17,104.34782608695652,93.91304347826087,111.30434782608695,104.34782608695652,111.30434782608695,104.34782608695652,132.17391304347825,114.78260869565217,146.08695652173913,109.56521739130434,111.30434782608695,99.1304347826087,125.21739130434783,99.1304347826087,278.2608695652174,208.69565217391303,132.17391304347825,114.78260869565217,153.04347826086956,104.34782608695652,166.95652173913044,120.0,139.1304347826087,114.78260869565217,153.04347826086956,104.34782608695652,160.0,120.0,104.34782608695652,93.91304347826087,104.34782608695652,93.91304347826087,97.3913043478261,99.1304347826087,,
18,104.34782608695652,93.91304347826087,111.30434782608695,104.34782608695652,111.30434782608695,104.34782608695652,132.17391304347825,114.78260869565217,,,111.30434782608695,104.34782608695652,,,278.2608695652174,208.69565217391303,132.17391304347825,114.78260869565217,153.04347826086956,104.34782608695652,166.95652173913044,125.21739130434783,132.17391304347825,114.78260869565217,,,,,104.34782608695652,93.91304347826087,104.34782608695652,93.91304347826087,104.34782608695652,99.1304347826087,,
19,104.34782608695652,93.91304347826087,111.30434782608695,104.34782608695652,104.34782608695652,109.56521739130434,132.17391304347825,114.78260869565217,146.08695652173913,104.34782608695652,111.30434782608695,104.34782608695652,,,278.2608695652174,208.69565217391303,132.17391304347825,120.0,153.04347826086956,104.34782608695652,166.95652173913044,120.0,139.1304347826087,114.78260869565217,146.08695652173913,104.34782608695652,166.95652173913044,125.21739130434783,104.34782608695652,93.91304347826087,,,104.34782608695652,99.1304347826087,,
20,,,111.30434782608695,104.34782608695652,111.30434782608695,104.34782608695652,125.21739130434783,114.78260869565217,,,111.30434782608695,104.34782608695652,,,278.2608695652174,208.69565217391303,132.17391304347825,120.0,153.04347826086956,104.34782608695652,173.91304347826087,120.0,,,,,173.91304347826087,125.21739130434783,104.34782608695652,93.91304347826087,,,104.34782608695652,99.1304347826087,,
21,111.30434782608695,93.91304347826087,111.30434782608695,104.34782608695652,111.30434782608695,109.56521739130434,125.21739130434783,114.78260869565217,,,111.30434782608695,104.34782608695652,,,278.2608695652174,208.69565217391303,132.17391304347825,114.78260869565217,153.04347826086956,104.34782608695652,173.91304347826087,120.0,132.17391304347825,114.78260869565217,,,173.91304347826087,120.0,104.34782608695652,93.91304347826087,104.34782608695652,93.91304347826087,104.34782608695652,99.1304347826087,,
22,,,111.30434782608695,104.34782608695652,111.30434782608695,109.56521739130434,125.21739130434783,114.78260869565217,,,111.30434782608695,104.34782608695652,,,278.2608695652174,208.69565217391303,,,153.04347826086956,109.56521739130434,173.91304347826087,114.78260869565217,,,,,173.91304347826087,120.0,,,,,104.34782608695652,99.1304347826087,,
23,111.30434782608695,93.91304347826087,111.30434782608695,104.34782608695652,111.30434782608695,109.56521739130434,125.21739130434783,114.78260869565217,,,111.30434782608695,104.34782608695652,,,278.2608695652174,208.69565217391303,132.17391304347825,120.0,153.04347826086956,109.56521739130434,173.91304347826087,120.0,132.17391304347825,114.78260869565217,153.04347826086956,109.56521739130434,173.91304347826087,120.0,111.30434782608695,93.91304347826087,111.30434782608695,93.91304347826087,104.34782608695652,99.1304347826087,,
24,,,111.30434782608695,104.34782608695652,111.30434782608695,104.34782608695652,,,278.2608695652174,208.69565217391303,111.30434782608695,104.34782608695652,,,278.2608695652174,208.69565217391303,,,,,,,,,,,,,,,,,104.34782608695652,99.1304347826087,104.34782608695652,99.1304347826087
25,,,111.30434782608695,104.34782608695652,111.30434782608695,109.56521739130434,125.21739130434783,114.78260869565217,,,111.30434782608695,104.34782608695652,,,278.2608695652174,208.69565217391303,,,153.04347826086956,109.56521739130434,173.91304347826087,120.0,,,,,,,,,,,104.34782608695652,99.1304347826087,,
26,,,111.30434782608695,104.34782608695652,111.30434782608695,109.56521739130434,125.21739130434783,114.78260869565217,278.2608695652174,208.69565217391303,111.30434782608695,104.34782608695652,,,278.2608695652174,208.69565217391303,132.17391304347825,120.0,153.04347826086956,109.56521739130434,173.91304347826087,120.0,132.17391304347825,114.78260869565217,,,173.91304347826087,125.21739130434783,104.34782608695652,99.1304347826087,,,104.34782608695652,99.1304347826087,,
27,111.30434782608695,93.91304347826087,111.30434782608695,104.34782608695652,111.30434782608695,109.56521739130434,125.21739130434783,114.78260869565217,153.04347826086956,109.56521739130434,111.30434782608695,104.34782608695652,,,278.2608695652174,208.69565217391303,,,153.04347826086956,109.56521739130434,173.91304347826087,120.0,132.17391304347825,114.78260869565217,,,173.91304347826087,120.0,111.30434782608695,93.91304347826087,111.30434782608695,93.91304347826087,104.34782608695652,99.1304347826087,,
28,,,111.30434782608695,104.34782608695652,111.30434782608695,104.34782608695652,125.21739130434783,114.78260869565217,278.2608695652174,208.69565217391303,111.30434782608695,104.34782608695652,,,278.2608695652174,208.69565217391303,,,,,,,,,,,,,,,,,104.34782608695652,99.1304347826087,,
29,,,111.30434782608695,104.34782608695652,111.30434782608695,104.34782608695652,125.21739130434783,114.78260869565217,153.04347826086956,109.56521739130434,118.26086956521739,104.34782608695652,,,278.2608695652174,208.69565217391303,,,,,173.91304347826087,120.0,,,,,,,104.34782608695652,93.91304347826087,,,104.34782608695652,99.1304347826087,,
30,,,111.30434782608695,104.34782608695652,111.30434782608695,104.34782608695652,125.21739130434783,114.78260869565217,153.04347826086956,114.78260869565217,118.26086956521739,104.34782608695652,,,278.2608695652174,208.69565217391303,,,,,173.91304347826087,120.0,,,,,,,111.30434782608695,93.91304347826087,,,104.34782608695652,99.1304347826087,,
31,111.30434782608695,93.91304347826087,111.30434782608695,104.34782608695652,104.34782608695652,109.56521739130434,125.21739130434783,114.78260869565217,146.08695652173913,114.78260869565217,118.26086956521739,104.34782608695652,,,278.2608695652174,208.69565217391303,,,153.04347826086956,109.56521739130434,173.91304347826087,120.0,,,,,,,111.30434782608695,93.91304347826087,,,104.34782608695652,99.1304347826087,,
32,,,111.30434782608695,104.34782608695652,111.30434782608695,104.34782608695652,125.21739130434783,114.78260869565217,278.2608695652174,208.69565217391303,111.30434782608695,104.34782608695652,,,278.2608695652174,208.69565217391303,,,,,,,,,,,,,,,,,104.34782608695652,99.1304347826087,,
33,,,111.30434782608695,104.34782608695652,111.30434782608695,104.34782608695652,125.21739130434783,114.78260869565217,153.04347826086956,109.56521739130434,118.26086956521739,104.34782608695652,,,278.2608695652174,208.69565217391303,,,,,,,,,,,,,,,,,104.34782608695652,99.1304347826087,,
34,,,111.30434782608695,104.34782608695652,111.30434782608695,104.34782608695652,125.21739130434783,114.78260869565217,153.04347826086956,109.56521739130434,118.26086956521739,104.34782608695652,,,278.2608695652174,208.69565217391303,,,,,,,,,,,,,111.30434782608695,93.91304347826087,,,104.34782608695652,99.1304347826087,,
35,111.30434782608695,93.91304347826087,111.30434782608695,104.34782608695652,111.30434782608695,104.34782608695652,125.21739130434783,114.78260869565217,153.04347826086956,109.56521739130434,118.26086956521739,104.34782608695652,,,278.2608695652174,208.69565217391303,,,,,173.91304347826087,120.0,,,,,,,111.30434782608695,93.91304347826087,,,104.34782608695652,99.1304347826087,,
36,,,111.30434782608695,104.34782608695652,111.30434782608695,104.34782608695652,125.21739130434783,114.78260869565217,,,118.26086956521739,104.34782608695652,,,278.2608695652174,208.69565217391303,,,,,173.91304347826087,120.0,,,,,,,,,,,104.34782608695652,99.1304347826087,,
37,104.34782608695652,99.1304347826087,111.30434782608695,104.34782608695652,111.30434782608695,109.56521739130434,125.21739130434783,114.78260869565217,153.04347826086956,109.56521739130434,118.26086956521739,104.34782608695652,,,278.2608695652174,208.69565217391303,,,,,166.95652173913044,114.78260869565217,,,,,,,104.34782608695652,93.91304347826087,,,104.34782608695652,99.1304347826087,,
38,104.34782608695652,99.1304347826087,111.30434782608695,104.34782608695652,104.34782608695652,109.56521739130434,125.21739130434783,114.78260869565217,,,111.30434782608695,104.34782608695652,,,278.2608695652174,208.69565217391303,132.17391304347825,120.0,153.04347826086956,109.56521739130434,173.91304347826087,114.78260869565217,132.17391304347825,114.78260869565217,,,173.91304347826087,120.0,104.34782608695652,93.91304347826087,104.34782608695652,99.1304347826087,104.34782608695652,99.1304347826087,,
39,,,111.30434782608695,104.34782608695652,111.30434782608695,104.34782608695652,125.21739130434783,114.78260869565217,,,111.30434782608695,104.34782608695652,,,278.2608695652174,208.69565217391303,,,,,173.91304347826087,120.0,,,,,,,,,,,104.34782608695652,99.1304347826087,104.34782608695652,99.1304347826087
40,,,111.30434782608695,104.34782608695652,111.30434782608695,109.56521739130434,125.21739130434783,114.78260869565217,,,111.30434782608695,104.34782608695652,,,278.2608695652174,208.69565217391303,132.17391304347825,120.0,153.04347826086956,109.56521739130434,173.91304347826087,120.0,132.17391304347825,114.78260869565217,,,173.91304347826087,120.0,104.34782608695652,93.91304347826087,,,104.34782608695652,99.1304347826087,,
41,,,111.30434782608695,104.34782608695652,111.30434782608695,104.34782608695652,125.21739130434783,114.78260869565217,278.2608695652174,208.69565217391303,111.30434782608695,104.34782608695652,,,278.2608695652174,208.69565217391303,,,,,166.95652173913044,114.78260869565217,,,,,,,,,,,104.34782608695652,99.1304347826087,,
42,,,111.30434782608695,104.34782608695652,111.30434782608695,104.34782608695652,125.21739130434783,114.78260869565217,285.2173913043478,177.3913043478261,111.30434782608695,104.34782608695652,,,278.2608695652174,208.69565217391303,,,,,173.91304347826087,120.0,,,,,,,,,,,104.34782608695652,99.1304347826087,,
43,111.30434782608695,99.1304347826087,111.30434782608695,104.34782608695652,104.34782608695652,109.56521739130434,125.21739130434783,114.78260869565217,153.04347826086956,109.56521739130434,118.26086956521739,104.34782608695652,,,278.2608695652174,208.69565217391303,,,153.04347826086956,109.56521739130434,173.91304347826087,120.0,,,,,,,104.34782608695652,93.91304347826087,,,104.34782608695652,99.1304347826087,,
44,,,111.30434782608695,104.34782608695652,111.30434782608695,104.34782608695652,125.21739130434783,114.78260869565217,,,118.26086956521739,104.34782608695652,,,278.2608695652174,208.69565217391303,,,153.04347826086956,109.56521739130434,173.91304347826087,120.0,,,,,,,,,,,104.34782608695652,99.1304347826087,,
45,104.34782608695652,99.1304347826087,111.30434782608695,104.34782608695652,104.34782608695652,109.56521739130434,125.21739130434783,114.78260869565217,,,111.30434782608695,104.34782608695652,,,278.2608695652174,208.69565217391303,,,153.04347826086956,109.56521739130434,173.91304347826087,120.0,,,,,,,104.34782608695652,93.91304347826087,,,104.34782608695652,99.1304347826087,,
46,104.34782608695652,99.1304347826087,111.30434782608695,104.34782608695652,104.34782608695652,109.56521739130434,125.21739130434783,114.78260869565217,278.2608695652174,208.69565217391303,111.30434782608695,104.34782608695652,,,278.2608695652174,208.69565217391303,132.17391304347825,114.78260869565217,153.04347826086956,109.56521739130434,173.91304347826087,120.0,132.17391304347825,114.78260869565217,153.04347826086956,109.56521739130434,173.91304347826087,125.21739130434783,104.34782608695652,99.1304347826087,,,104.34782608695652,99.1304347826087,,
47,111.30434782608695,93.91304347826087,111.30434782608695,104.34782608695652,104.34782608695652,109.56521739130434,125.21739130434783,114.78260869565217,139.1304347826087,109.56521739130434,111.30434782608695,104.34782608695652,125.21739130434783,104.34782608695652,278.2608695652174,208.69565217391303,132.17391304347825,120.0,153.04347826086956,104.34782608695652,173.91304347826087,120.0,132.17391304347825,114.78260869565217,153.04347826086956,104.34782608695652,166.95652173913044,120.0,104.34782608695652,93.91304347826087,104.34782608695652,93.91304347826087,104.34782608695652,99.1304347826087,,
48,104.34782608695652,93.91304347826087,111.30434782608695,104.34782608695652,104.34782608695652,109.56521739130434,132.17391304347825,114.78260869565217,139.1304347826087,104.34782608695652,104.34782608695652,104.34782608695652,125.21739130434783,104.34782608695652,278.2608695652174,208.69565217391303,132.17391304347825,120.0,146.08695652173913,99.1304347826087,166.95652173913044,114.78260869565217,132.17391304347825,114.78260869565217,146.08695652173913,99.1304347826087,166.95652173913044,114.78260869565217,104.34782608695652,93.91304347826087,,,97.3913043478261,99.1304347826087,,
49,104.34782608695652,93.91304347826087,104.34782608695652,104.34782608695652,111.30434782608695,104.34782608695652,132.17391304347825,114.78260869565217,139.1304347826087,99.1304347826087,104.34782608695652,104.34782608695652,125.21739130434783,104.34782608695652,278.2608695652174,208.69565217391303,132.17391304347825,120.0,153.04347826086956,104.34782608695652,173.91304347826087,120.0,132.17391304347825,120.0,153.04347826086956,109.56521739130434,173.91304347826087,120.0,104.34782608695652,93.91304347826087,,,97.3913043478261,99.1304347826087,,
50,104.34782608695652,93.91304347826087,111.30434782608695,104.34782608695652,104.34782608695652,109.56521739130434,,,,,111.30434782608695,104.34782608695652,,,278.2608695652174,208.69565217391303,132.17391304347825,120.0,146.08695652173913,99.1304347826087,173.91304347826087,114.78260869565217,139.1304347826087,114.78260869565217,146.08695652173913,99.1304347826087,173.91304347826087,120.0,104.34782608695652,93.91304347826087,,,97.3913043478261,99.1304347826087,,
51,104.34782608695652,93.91304347826087,104.34782608695652,109.56521739130434,111.30434782608695,109.56521739130434,125.21739130434783,109.56521739130434,,,97.3913043478261,109.56521739130434,76.52173913043478,120.0,278.2608695652174,208.69565217391303,132.17391304347825,120.0,146.08695652173913,99.1304347826087,166.95652173913044,114.78260869565217,132.17391304347825,120.0,146.08695652173913,109.56521739130434,146.08695652173913,120.0,104.34782608695652,93.91304347826087,,,97.3913043478261,99.1304347826087,,
52,111.30434782608695,99.1304347826087,104.34782608695652,109.56521739130434,111.30434782608695,104.34782608695652,,,,,97.3913043478261,109.56521739130434,76.52173913043478,120.0,278.2608695652174,208.69565217391303,132.17391304347825,120.0,146.08695652173913,99.1304347826087,,,132.17391304347825,120.0,,,,,104.34782608695652,99.1304347826087,,,104.34782608695652,99.1304347826087,,
53,,,146.08695652173913,99.1304347826087,146.08695652173913,99.1304347826087,146.08695652173913,114.78260869565217,146.08695652173913,120.0,139.1304347826087,99.1304347826087,,,278.2608695652174,208.69565217391303,139.1304347826087,120.0,,,,,125.21739130434783,114.78260869565217,,,,,,,,,,,,
54,,,153.04347826086956,99.1304347826087,153.04347826086956,99.1304347826087,153.04347826086956,114.78260869565217,146.08695652173913,120.0,146.08695652173913,93.91304347826087,,,278.2608695652174,208.69565217391303,139.1304347826087,114.78260869565217,,,,,132.17391304347825,114.78260869565217,,,,,,,,,,,,
55,,,153.04347826086956,99.1304347826087,153.04347826086956,99.1304347826087,153.04347826086956,114.78260869565217,146.08695652173913,120.0,146.08695652173913,99.1304347826087,,,278.2608695652174,208.69565217391303,139.1304347826087,114.78260869565217,,,,,132.17391304347825,109.56521739130434,,,,,,,,,,,,
56,,,,,,,,,,,,,,,278.2608695652174,208.69565217391303,125.21739130434783,104.34782608695652,153.04347826086956,93.91304347826087,146.08695652173913,120.0,139.1304347826087,104.34782608695652,,,,,,,,,,,,
57,,,,,,,,,285.2173913043478,177.3913043478261,,,,,278.2608695652174,208.69565217391303,118.26086956521739,104.34782608695652,153.04347826086956,93.91304347826087,146.08695652173913,120.0,,,146.08695652173913,93.91304347826087,132.17391304347825,114.78260869565217,,,,,,,,
58,,,,,,,,,,,146.08695652173913,93.91304347826087,,,278.2608695652174,208.69565217391303,,,,,,,,,,,,,,,,,,,,
59,104.34782608695652,93.91304347826087,111.30434782608695,104.34782608695652,97.3913043478261,109.56521739130434,,,,,118.26086956521739,104.34782608695652,,,278.2608695652174,208.69565217391303,,,,,,,,,,,,,97.3913043478261,93.91304347826087,97.3913043478261,93.91304347826087,97.3913043478261,99.1304347826087,,
60,104.34782608695652,99.1304347826087,104.34782608695652,109.56521739130434,97.3913043478261,109.56521739130434,,,278.2608695652174,208.69565217391303,118.26086956521739,104.34782608695652,,,278.2608695652174,208.69565217391303,,,,,,,,,,,,,97.3913043478261,99.1304347826087,104.34782608695652,99.1304347826087,97.3913043478261,99.1304347826087,104.34782608695652,99.1304347826087
61,104.34782608695652,93.91304347826087,104.34782608695652,109.56521739130434,97.3913043478261,109.56521739130434,,,,,118.26086956521739,104.34782608695652,153.04347826086956,109.56521739130434,278.2608695652174,208.69565217391303,,,,,,,,,,,,,104.34782608695652,93.91304347826087,104.34782608695652,93.91304347826087,97.3913043478261,99.1304347826087,,
62,104.34782608695652,93.91304347826087,111.30434782608695,104.34782608695652,97.3913043478261,109.56521739130434,,,,,118.26086956521739,104.34782608695652,,,278.2608695652174,208.69565217391303,,,,,,,,,,,,,104.34782608695652,93.91304347826087,104.34782608695652,93.91304347826087,97.3913043478261,99.1304347826087,,
63,104.34782608695652,99.1304347826087,104.34782608695652,109.56521739130434,97.3913043478261,109.56521739130434,,,,,118.26086956521739,104.34782608695652,153.04347826086956,109.56521739130434,278.2608695652174,208.69565217391303,,,,,,,,,,,,,97.3913043478261,99.1304347826087,97.3913043478261,93.91304347826087,97.3913043478261,99.1304347826087,104.34782608695652,99.1304347826087
64,104.34782608695652,99.1304347826087,111.30434782608695,104.34782608695652,104.34782608695652,109.56521739130434,118.26086956521739,120.0,278.2608695652174,208.69565217391303,111.30434782608695,104.34782608695652,132.17391304347825,99.1304347826087,278.2608695652174,208.69565217391303,125.21739130434783,120.0,,,,,,,146.08695652173913,93.91304347826087,,,97.3913043478261,99.1304347826087,104.34782608695652,99.1304347826087,97.3913043478261,104.34782608695652,104.34782608695652,99.1304347826087
65,104.34782608695652,99.1304347826087,111.30434782608695,104.34782608695652,104.34782608695652,109.56521739130434,118.26086956521739,114.78260869565217,278.2608695652174,208.69565217391303,111.30434782608695,104.34782608695652,132.17391304347825,99.1304347826087,278.2608695652174,208.69565217391303,132.17391304347825,120.0,146.08695652173913,93.91304347826087,153.04347826086956,114.78260869565217,132.17391304347825,114.78260869565217,146.08695652173913,93.91304347826087,160.0,114.78260869565217,97.3913043478261,99.1304347826087,104.34782608695652,99.1304347826087,97.3913043478261,104.34782608695652,104.34782608695652,99.1304347826087
66,104.34782608695652,99.1304347826087,111.30434782608695,104.34782608695652,104.34782608695652,109.56521739130434,118.26086956521739,114.78260869565217,,,118.26086956521739,104.34782608695652,125.21739130434783,109.56521739130434,278.2608695652174,208.69565217391303,125.21739130434783,120.0,146.08695652173913,93.91304347826087,,,132.17391304347825,120.0,,,,,97.3913043478261,99.1304347826087,104.34782608695652,93.91304347826087,97.3913043478261,104.34782608695652,104.34782608695652,99.1304347826087
67,97.3913043478261,99.1304347826087,111.30434782608695,104.34782608695652,104.34782608695652,109.56521739130434,118.26086956521739,114.78260869565217,125.21739130434783,114.78260869565217,111.30434782608695,104.34782608695652,125.21739130434783,104.34782608695652,278.2608695652174,208.69565217391303,132.17391304347825,120.0,146.08695652173913,93.91304347826087,160.0,114.78260869565217,132.17391304347825,114.78260869565217,146.08695652173913,93.91304347826087,,,97.3913043478261,99.1304347826087,97.3913043478261,99.1304347826087,97.3913043478261,104.34782608695652,104.34782608695652,99.1304347826087
68,104.34782608695652,99.1304347826087,111.30434782608695,104.34782608695652,104.34782608695652,109.56521739130434,118.26086956521739,114.78260869565217,278.2608695652174,208.69565217391303,118.26086956521739,104.34782608695652,125.21739130434783,99.1304347826087,278.2608695652174,208.69565217391303,132.17391304347825,120.0,146.08695652173913,93.91304347826087,160.0,114.78260869565217,132.17391304347825,109.56521739130434,146.08695652173913,93.91304347826087,160.0,114.78260869565217,97.3913043478261,99.1304347826087,97.3913043478261,99.1304347826087,97.3913043478261,104.34782608695652,104.34782608695652,99.1304347826087
69,104.34782608695652,99.1304347826087,111.30434782608695,104.34782608695652,104.34782608695652,109.56521739130434,118.26086956521739,114.78260869565217,125.21739130434783,114.78260869565217,111.30434782608695,104.34782608695652,125.21739130434783,99.1304347826087,278.2608695652174,208.69565217391303,132.17391304347825,120.0,146.08695652173913,93.91304347826087,160.0,114.78260869565217,132.17391304347825,109.56521739130434,146.08695652173913,93.91304347826087,160.0,114.78260869565217,97.3913043478261,99.1304347826087,104.34782608695652,99.1304347826087,97.3913043478261,104.34782608695652,104.34782608695652,99.1304347826087
70,97.3913043478261,99.1304347826087,111.30434782608695,104.34782608695652,104.34782608695652,109.56521739130434,118.26086956521739,114.78260869565217,125.21739130434783,114.78260869565217,111.30434782608695,104.34782608695652,125.21739130434783,104.34782608695652,278.2608695652174,208.69565217391303,125.21739130434783,120.0,146.08695652173913,93.91304347826087,160.0,114.78260869565217,132.17391304347825,114.78260869565217,146.08695652173913,93.91304347826087,160.0,114.78260869565217,97.3913043478261,99.1304347826087,97.3913043478261,99.1304347826087,97.3913043478261,104.34782608695652,104.34782608695652,99.1304347826087
71,104.34782608695652,99.1304347826087,111.30434782608695,104.34782608695652,104.34782608695652,109.56521739130434,111.30434782608695,114.78260869565217,125.21739130434783,114.78260869565217,118.26086956521739,104.34782608695652,125.21739130434783,104.34782608695652,278.2608695652174,208.69565217391303,125.21739130434783,120.0,146.08695652173913,93.91304347826087,160.0,114.78260869565217,,,146.08695652173913,93.91304347826087,160.0,114.78260869565217,97.3913043478261,99.1304347826087,104.34782608695652,99.1304347826087,97.3913043478261,104.34782608695652,104.34782608695652,99.1304347826087
72,104.34782608695652,99.1304347826087,111.30434782608695,104.34782608695652,104.34782608695652,109.56521739130434,118.26086956521739,114.78260869565217,125.21739130434783,114.78260869565217,118.26086956521739,104.34782608695652,125.21739130434783,104.34782608695652,278.2608695652174,208.69565217391303,125.21739130434783,120.0,146.08695652173913,93.91304347826087,160.0,114.78260869565217,132.17391304347825,114.78260869565217,146.08695652173913,93.91304347826087,160.0,114.78260869565217,97.3913043478261,99.1304347826087,97.3913043478261,99.1304347826087,97.3913043478261,104.34782608695652,104.34782608695652,99.1304347826087
73,97.3913043478261,99.1304347826087,111.30434782608695,104.34782608695652,104.34782608695652,109.56521739130434,118.26086956521739,114.78260869565217,125.21739130434783,114.78260869565217,118.26086956521739,104.34782608695652,125.21739130434783,104.34782608695652,278.2608695652174,208.69565217391303,132.17391304347825,120.0,146.08695652173913,93.91304347826087,160.0,114.78260869565217,,,146.08695652173913,93.91304347826087,160.0,114.78260869565217,97.3913043478261,99.1304347826087,97.3913043478261,99.1304347826087,97.3913043478261,104.34782608695652,104.34782608695652,99.1304347826087
74,97.3913043478261,99.1304347826087,111.30434782608695,104.34782608695652,104.34782608695652,109.56521739130434,118.26086956521739,114.78260869565217,125.21739130434783,114.78260869565217,111.30434782608695,104.34782608695652,125.21739130434783,104.34782608695652,278.2608695652174,208.69565217391303,125.21739130434783,120.0,146.08695652173913,93.91304347826087,160.0,114.78260869565217,132.17391304347825,114.78260869565217,146.08695652173913,93.91304347826087,160.0,114.78260869565217,97.3913043478261,99.1304347826087,97.3913043478261,99.1304347826087,97.3913043478261,104.34782608695652,104.34782608695652,99.1304347826087
75,97.3913043478261,99.1304347826087,111.30434782608695,104.34782608695652,104.34782608695652,109.56521739130434,118.26086956521739,114.78260869565217,125.21739130434783,114.78260869565217,118.26086956521739,104.34782608695652,,,278.2608695652174,208.69565217391303,125.21739130434783,120.0,146.08695652173913,93.91304347826087,160.0,114.78260869565217,132.17391304347825,114.78260869565217,146.08695652173913,93.91304347826087,160.0,114.78260869565217,97.3913043478261,99.1304347826087,97.3913043478261,99.1304347826087,97.3913043478261,99.1304347826087,104.34782608695652,99.1304347826087
76,104.34782608695652,99.1304347826087,104.34782608695652,104.34782608695652,104.34782608695652,109.56521739130434,111.30434782608695,114.78260869565217,,,118.26086956521739,104.34782608695652,,,278.2608695652174,208.69565217391303,125.21739130434783,120.0,,,,,132.17391304347825,114.78260869565217,146.08695652173913,93.91304347826087,160.0,114.78260869565217,97.3913043478261,99.1304347826087,97.3913043478261,99.1304347826087,97.3913043478261,104.34782608695652,104.34782608695652,99.1304347826087
77,97.3913043478261,99.1304347826087,111.30434782608695,104.34782608695652,104.34782608695652,109.56521739130434,118.26086956521739,114.78260869565217,278.2608695652174,208.69565217391303,111.30434782608695,104.34782608695652,125.21739130434783,104.34782608695652,278.2608695652174,208.69565217391303,125.21739130434783,120.0,,,160.0,114.78260869565217,132.17391304347825,114.78260869565217,146.08695652173913,93.91304347826087,160.0,114.78260869565217,97.3913043478261,99.1304347826087,97.3913043478261,99.1304347826087,97.3913043478261,104.34782608695652,104.34782608695652,99.1304347826087
78,104.34782608695652,99.1304347826087,111.30434782608695,104.34782608695652,104.34782608695652,109.56521739130434,111.30434782608695,114.78260869565217,125.21739130434783,114.78260869565217,118.26086956521739,104.34782608695652,132.17391304347825,99.1304347826087,278.2608695652174,208.69565217391303,125.21739130434783,120.0,146.08695652173913,93.91304347826087,160.0,114.78260869565217,132.17391304347825,114.78260869565217,146.08695652173913,93.91304347826087,,,97.3913043478261,99.1304347826087,97.3913043478261,99.1304347826087,97.3913043478261,104.34782608695652,104.34782608695652,99.1304347826087
79,104.34782608695652,99.1304347826087,111.30434782608695,104.34782608695652,104.34782608695652,109.56521739130434,118.26086956521739,114.78260869565217,125.21739130434783,114.78260869565217,111.30434782608695,104.34782608695652,125.21739130434783,104.34782608695652,278.2608695652174,208.69565217391303,125.21739130434783,120.0,146.08695652173913,93.91304347826087,160.0,114.78260869565217,132.17391304347825,114.78260869565217,146.08695652173913,93.91304347826087,160.0,114.78260869565217,97.3913043478261,99.1304347826087,104.34782608695652,99.1304347826087,97.3913043478261,104.34782608695652,104.34782608695652,99.1304347826087
80,104.34782608695652,99.1304347826087,111.30434782608695,104.34782608695652,104.34782608695652,109.56521739130434,118.26086956521739,114.78260869565217,125.21739130434783,114.78260869565217,111.30434782608695,104.34782608695652,125.21739130434783,104.34782608695652,278.2608695652174,208.69565217391303,125.21739130434783,114.78260869565217,146.08695652173913,93.91304347826087,160.0,114.78260869565217,132.17391304347825,109.56521739130434,146.08695652173913,93.91304347826087,160.0,114.78260869565217,97.3913043478261,99.1304347826087,104.34782608695652,99.1304347826087,97.3913043478261,104.34782608695652,104.34782608695652,99.1304347826087
81,104.34782608695652,99.1304347826087,111.30434782608695,104.34782608695652,104.34782608695652,109.56521739130434,118.26086956521739,114.78260869565217,125.21739130434783,114.78260869565217,111.30434782608695,104.34782608695652,125.21739130434783,104.34782608695652,278.2608695652174,208.69565217391303,125.21739130434783,114.78260869565217,,,160.0,114.78260869565217,132.17391304347825,109.56521739130434,146.08695652173913,93.91304347826087,160.0,114.78260869565217,97.3913043478261,99.1304347826087,104.34782608695652,99.1304347826087,97.3913043478261,104.34782608695652,104.34782608695652,99.1304347826087
82,104.34782608695652,99.1304347826087,111.30434782608695,104.34782608695652,104.34782608695652,109.56521739130434,,,,,118.26086956521739,104.34782608695652,,,278.2608695652174,208.69565217391303,,,,,,,,,,,,,97.3913043478261,99.1304347826087,104.34782608695652,99.1304347826087,97.3913043478261,104.34782608695652,,
83,104.34782608695652,99.1304347826087,104.34782608695652,109.56521739130434,104.34782608695652,109.56521739130434,,,278.2608695652174,208.69565217391303,118.26086956521739,104.34782608695652,,,278.2608695652174,208.69565217391303,,,,,,,,,,,,,97.3913043478261,99.1304347826087,104.34782608695652,99.1304347826087,97.3913043478261,104.34782608695652,104.34782608695652,99.1304347826087
84,97.3913043478261,104.34782608695652,111.30434782608695,109.56521739130434,104.34782608695652,109.56521739130434,,,,,118.26086956521739,104.34782608695652,,,278.2608695652174,208.69565217391303,,,,,,,,,,,,,97.3913043478261,99.1304347826087,97.3913043478261,99.1304347826087,97.3913043478261,104.34782608695652,104.34782608695652,99.1304347826087
85,97.3913043478261,104.34782608695652,125.21739130434783,104.34782608695652,,,,,278.2608695652174,208.69565217391303,,,160.0,114.78260869565217,278.2608695652174,208.69565217391303,,,,,,,,,,,,,97.3913043478261,99.1304347826087,104.34782608695652,99.1304347826087,,,,
86,97.3913043478261,104.34782608695652,,,,,,,,,,,160.0,114.78260869565217,278.2608695652174,208.69565217391303,,,,,,,,,,,,,97.3913043478261,99.1304347826087,97.3913043478261,99.1304347826087,,,,
87,97.3913043478261,104.34782608695652,104.34782608695652,109.56521739130434,90.43478260869566,114.78260869565217,,,,,111.30434782608695,109.56521739130434,,,278.2608695652174,208.69565217391303,,,,,,,,,,,,,97.3913043478261,104.34782608695652,97.3913043478261,99.1304347826087,90.43478260869566,104.34782608695652,104.34782608695652,104.34782608695652
88,97.3913043478261,104.34782608695652,111.30434782608695,104.34782608695652,104.34782608695652,109.56521739130434,,,,,111.30434782608695,99.1304347826087,111.30434782608695,120.0,278.2608695652174,208.69565217391303,125.21739130434783,114.78260869565217,,,,,132.17391304347825,109.56521739130434,,,,,97.3913043478261,104.34782608695652,97.3913043478261,104.34782608695652,,,97.3913043478261,104.34782608695652
89,97.3913043478261,104.34782608695652,118.26086956521739,99.1304347826087,,,,,,,118.26086956521739,99.1304347826087,111.30434782608695,114.78260869565217,278.2608695652174,208.69565217391303,,,,,,,,,,,,,97.3913043478261,104.34782608695652,97.3913043478261,104.34782608695652,,,97.3913043478261,104.34782608695652
90,97.3913043478261,104.34782608695652,111.30434782608695,99.1304347826087,111.30434782608695,99.1304347826087,111.30434782608695,114.78260869565217,,,111.30434782608695,99.1304347826087,111.30434782608695,114.78260869565217,278.2608695652174,208.69565217391303,132.17391304347825,114.78260869565217,,,,,132.17391304347825,114.78260869565217,173.91304347826087,109.56521739130434,,,90.43478260869566,104.34782608695652,97.3913043478261,104.34782608695652,,,97.3913043478261,99.1304347826087
91,97.3913043478261,104.34782608695652,104.34782608695652,104.34782608695652,104.34782608695652,109.56521739130434,111.30434782608695,120.0,278.2608695652174,208.69565217391303,111.30434782608695,99.1304347826087,111.30434782608695,114.78260869565217,278.2608695652174,208.69565217391303,132.17391304347825,120.0,160.0,130.43478260869566,,,139.1304347826087,109.56521739130434,166.95652173913044,114.78260869565217,,,90.43478260869566,104.34782608695652,97.3913043478261,104.34782608695652,,,97.3913043478261,99.1304347826087
92,97.3913043478261,104.34782608695652,104.34782608695652,104.34782608695652,104.34782608695652,109.56521739130434,111.30434782608695,120.0,83.47826086956522,120.0,111.30434782608695,99.1304347826087,111.30434782608695,114.78260869565217,278.2608695652174,208.69565217391303,132.17391304347825,120.0,187.82608695652175,135.65217391304347,,,139.1304347826087,114.78260869565217,166.95652173913044,114.78260869565217,,,90.43478260869566,104.34782608695652,97.3913043478261,104.34782608695652,,,97.3913043478261,99.1304347826087
93,97.3913043478261,109.56521739130434,111.30434782608695,104.34782608695652,104.34782608695652,104.34782608695652,111.30434782608695,114.78260869565217,90.43478260869566,120.0,111.30434782608695,99.1304347826087,111.30434782608695,114.78260869565217,278.2608695652174,208.69565217391303,139.1304347826087,114.78260869565217,160.0,125.21739130434783,180.8695652173913,125.21739130434783,139.1304347826087,109.56521739130434,166.95652173913044,114.78260869565217,173.91304347826087,120.0,90.43478260869566,104.34782608695652,97.3913043478261,104.34782608695652,,,97.3913043478261,104.34782608695652
94,97.3913043478261,109.56521739130434,104.34782608695652,104.34782608695652,104.34782608695652,109.56521739130434,111.30434782608695,114.78260869565217,104.34782608695652,114.78260869565217,111.30434782608695,99.1304347826087,111.30434782608695,114.78260869565217,278.2608695652174,208.69565217391303,132.17391304347825,114.78260869565217,146.08695652173913,120.0,,,139.1304347826087,109.56521739130434,166.95652173913044,114.78260869565217,,,90.43478260869566,104.34782608695652,97.3913043478261,104.34782608695652,,,97.3913043478261,104.34782608695652
95,97.3913043478261,109.56521739130434,111.30434782608695,104.34782608695652,104.34782608695652,104.34782608695652,111.30434782608695,120.0,90.43478260869566,120.0,111.30434782608695,99.1304347826087,111.30434782608695,114.78260869565217,278.2608695652174,208.69565217391303,132.17391304347825,114.78260869565217,166.95652173913044,120.0,180.8695652173913,125.21739130434783,139.1304347826087,109.56521739130434,166.95652173913044,114.78260869565217,180.8695652173913,120.0,90.43478260869566,104.34782608695652,97.3913043478261,104.34782608695652,,,97.3913043478261,104.34782608695652
96,97.3913043478261,109.56521739130434,111.30434782608695,104.34782608695652,104.34782608695652,109.56521739130434,111.30434782608695,120.0,,,111.30434782608695,99.1304347826087,111.30434782608695,114.78260869565217,278.2608695652174,208.69565217391303,132.17391304347825,114.78260869565217,166.95652173913044,125.21739130434783,,,146.08695652173913,109.56521739130434,166.95652173913044,114.78260869565217,,,90.43478260869566,104.34782608695652,97.3913043478261,104.34782608695652,,,97.3913043478261,104.34782608695652
97,97.3913043478261,109.56521739130434,111.30434782608695,104.34782608695652,104.34782608695652,104.34782608695652,111.30434782608695,120.0,,,111.30434782608695,99.1304347826087,111.30434782608695,120.0,278.2608695652174,208.69565217391303,139.1304347826087,114.78260869565217,166.95652173913044,125.21739130434783,,,146.08695652173913,109.56521739130434,166.95652173913044,114.78260869565217,,,90.43478260869566,109.56521739130434,97.3913043478261,104.34782608695652,,,97.3913043478261,104.34782608695652
98,97.3913043478261,109.56521739130434,111.30434782608695,104.34782608695652,104.34782608695652,109.56521739130434,111.30434782608695,120.0,97.3913043478261,120.0,111.30434782608695,99.1304347826087,118.26086956521739,109.56521739130434,278.2608695652174,208.69565217391303,139.1304347826087,120.0,166.95652173913044,125.21739130434783,,,146.08695652173913,109.56521739130434,166.95652173913044,114.78260869565217,,,90.43478260869566,109.56521739130434,97.3913043478261,104.34782608695652,,,97.3913043478261,104.34782608695652
99,97.3913043478261,109.56521739130434,111.30434782608695,104.34782608695652,111.30434782608695,104.34782608695652,118.26086956521739,120.0,97.3913043478261,120.0,111.30434782608695,99.1304347826087,111.30434782608695,120.0,278.2608695652174,208.69565217391303,139.1304347826087,114.78260869565217,,,,,153.04347826086956,114.78260869565217,,,,,90.43478260869566,109.56521739130434,97.3913043478261,109.56521739130434,,,97.3913043478261,104.34782608695652
100,97.3913043478261,109.56521739130434,111.30434782608695,104.34782608695652,104.34782608695652,114.78260869565217,,,,,111.30434782608695,104.34782608695652,,,278.2608695652174,208.69565217391303,,,,,,,146.08695652173913,114.78260869565217,,,,,97.3913043478261,109.56521739130434,97.3913043478261,104.34782608695652,,,97.3913043478261,104.34782608695652
101,97.3913043478261,109.56521739130434,111.30434782608695,104.34782608695652,104.34782608695652,104.34782608695652,111.30434782608695,120.0,,,111.30434782608695,99.1304347826087,111.30434782608695,114.78260869565217,278.2608695652174,208.69565217391303,132.17391304347825,114.78260869565217,,,,,139.1304347826087,109.56521739130434,,,,,,,97.3913043478261,109.56521739130434,,,97.3913043478261,104.34782608695652
102,97.3913043478261,109.56521739130434,111.30434782608695,104.34782608695652,104.34782608695652,104.34782608695652,111.30434782608695,120.0,104.34782608695652,114.78260869565217,111.30434782608695,99.1304347826087,111.30434782608695,114.78260869565217,97.3913043478261,120.0,132.17391304347825,114.78260869565217,146.08695652173913,125.21739130434783,,,139.1304347826087,109.56521739130434,146.08695652173913,120.0,,,90.43478260869566,109.56521739130434,97.3913043478261,109.56521739130434,,,97.3913043478261,104.34782608695652
103,97.3913043478261,109.56521739130434,111.30434782608695,104.34782608695652,104.34782608695652,104.34782608695652,111.30434782608695,120.0,104.34782608695652,114.78260869565217,111.30434782608695,99.1304347826087,111.30434782608695,114.78260869565217,278.2608695652174,208.69565217391303,132.17391304347825,114.78260869565217,,,,,139.1304347826087,109.56521739130434,,,,,90.43478260869566,109.56521739130434,97.3913043478261,109.56521739130434,,,97.3913043478261,104.34782608695652
104,97.3913043478261,109.56521739130434,111.30434782608695,104.34782608695652,104.34782608695652,104.34782608695652,111.30434782608695,120.0,97.3913043478261,120.0,111.30434782608695,99.1304347826087,111.30434782608695,114.78260869565217,278.2608695652174,208.69565217391303,132.17391304347825,114.78260869565217,146.08695652173913,120.0,166.95652173913044,114.78260869565217,139.1304347826087,109.56521739130434,146.08695652173913,120.0,166.95652173913044,114.78260869565217,90.43478260869566,109.56521739130434,97.3913043478261,109.56521739130434,,,97.3913043478261,104.34782608695652
105,97.3913043478261,109.56521739130434,111.30434782608695,104.34782608695652,104.34782608695652,109.56521739130434,,,,,111.30434782608695,104.34782608695652,118.26086956521739,109.56521739130434,278.2608695652174,208.69565217391303,,,,,,,146.08695652173913,114.78260869565217,,,,,90.43478260869566,109.56521739130434,97.3913043478261,104.34782608695652,,,97.3913043478261,104.34782608695652
106,97.3913043478261,109.56521739130434,111.30434782608695,104.34782608695652,104.34782608695652,109.56521739130434,,,,,111.30434782608695,99.1304347826087,118.26086956521739,109.56521739130434,278.2608695652174,208.69565217391303,139.1304347826087,120.0,,,,,139.1304347826087,109.56521739130434,,,,,90.43478260869566,109.56521739130434,97.3913043478261,109.56521739130434,,,97.3913043478261,104.34782608695652
107,97.3913043478261,109.56521739130434,111.30434782608695,104.34782608695652,104.34782608695652,104.34782608695652,,,278.2608695652174,208.69565217391303,111.30434782608695,99.1304347826087,118.26086956521739,109.56521739130434,278.2608695652174,208.69565217391303,132.17391304347825,114.78260869565217,,,,,139.1304347826087,109.56521739130434,,,,,90.43478260869566,109.56521739130434,97.3913043478261,109.56521739130434,,,97.3913043478261,104.34782608695652
108,97.3913043478261,109.56521739130434,111.30434782608695,104.34782608695652,104.34782608695652,104.34782608695652,111.30434782608695,120.0,97.3913043478261,120.0,111.30434782608695,99.1304347826087,118.26086956521739,109.56521739130434,278.2608695652174,208.69565217391303,132.17391304347825,114.78260869565217,,,,,139.1304347826087,109.56521739130434,,,,,90.43478260869566,109.56521739130434,97.3913043478261,109.56521739130434,,,97.3913043478261,104.34782608695652
109,97.3913043478261,109.56521739130434,111.30434782608695,104.34782608695652,104.34782608695652,104.34782608695652,,,,,111.30434782608695,99.1304347826087,118.26086956521739,109.56521739130434,278.2608695652174,208.69565217391303,132.17391304347825,114.78260869565217,,,,,139.1304347826087,109.56521739130434,,,,,90.43478260869566,109.56521739130434,97.3913043478261,109.56521739130434,,,97.3913043478261,104.34782608695652
110,97.3913043478261,109.56521739130434,111.30434782608695,104.34782608695652,104.34782608695652,109.56521739130434,,,,,111.30434782608695,99.1304347826087,118.26086956521739,109.56521739130434,278.2608695652174,208.69565217391303,132.17391304347825,120.0,,,,,139.1304347826087,109.56521739130434,132.17391304347825,104.34782608695652,,,90.43478260869566,109.56521739130434,97.3913043478261,109.56521739130434,,,97.3913043478261,104.34782608695652
111,97.3913043478261,109.56521739130434,111.30434782608695,104.34782608695652,111.30434782608695,104.34782608695652,,,278.2608695652174,208.69565217391303,111.30434782608695,99.1304347826087,125.21739130434783,104.34782608695652,278.2608695652174,208.69565217391303,,,,,,,,,,,,,90.43478260869566,109.56521739130434,97.3913043478261,109.56521739130434,,,97.3913043478261,104.34782608695652
112,97.3913043478261,109.56521739130434,111.30434782608695,104.34782608695652,111.30434782608695,99.1304347826087,,,,,111.30434782608695,99.1304347826087,118.26086956521739,109.56521739130434,278.2608695652174,208.69565217391303,,,,,,,,,,,,,,,97.3913043478261,109.56521739130434,,,97.3913043478261,104.34782608695652
113,97.3913043478261,109.56521739130434,111.30434782608695,104.34782608695652,111.30434782608695,99.1304347826087,,,,,111.30434782608695,99.1304347826087,,,278.2608695652174,208.69565217391303,,,,,,,,,,,,,97.3913043478261,104.34782608695652,97.3913043478261,104.34782608695652,,,97.3913043478261,104.34782608695652
114,97.3913043478261,109.56521739130434,111.30434782608695,104.34782608695652,111.30434782608695,99.1304347826087,,,,,118.26086956521739,99.1304347826087,,,278.2608695652174,208.69565217391303,,,,,,,,,,,,,97.3913043478261,104.34782608695652,97.3913043478261,104.34782608695652,97.3913043478261,109.56521739130434,97.3913043478261,104.34782608695652
115,97.3913043478261,109.56521739130434,118.26086956521739,104.34782608695652,111.30434782608695,104.34782608695652,,,278.2608695652174,208.69565217391303,118.26086956521739,99.1304347826087,,,278.2608695652174,208.69565217391303,,,,,,,,,,,,,97.3913043478261,104.34782608695652,97.3913043478261,104.34782608695652,,,97.3913043478261,104.34782608695652
116,97.3913043478261,109.56521739130434,111.30434782608695,104.34782608695652,111.30434782608695,114.78260869565217,,,,,111.30434782608695,99.1304347826087,,,278.2608695652174,208.69565217391303,,,,,,,,,,,,,97.3913043478261,104.34782608695652,97.3913043478261,104.34782608695652,,,97.3913043478261,104.34782608695652
117,97.3913043478261,109.56521739130434,111.30434782608695,104.34782608695652,97.3913043478261,114.78260869565217,,,,,111.30434782608695,99.1304347826087,118.26086956521739,109.56521739130434,278.2608695652174,208.69565217391303,,,,,,,,,,,,,97.3913043478261,104.34782608695652,97.3913043478261,104.34782608695652,,,97.3913043478261,104.34782608695652
118,97.3913043478261,104.34782608695652,,,,,,,,,,,,,278.2608695652174,208.69565217391303,,,,,,,,,,,,,97.3913043478261,104.34782608695652,97.3913043478261,104.34782608695652,90.43478260869566,109.56521739130434,104.34782608695652,104.34782608695652
119,97.3913043478261,104.34782608695652,111.30434782608695,109.56521739130434,104.34782608695652,114.78260869565217,111.30434782608695,120.0,97.3913043478261,125.21739130434783,111.30434782608695,104.34782608695652,125.21739130434783,104.34782608695652,278.2608695652174,208.69565217391303,132.17391304347825,120.0,,,,,146.08695652173913,114.78260869565217,,,,,97.3913043478261,104.34782608695652,97.3913043478261,104.34782608695652,90.43478260869566,109.56521739130434,104.34782608695652,99.1304347826087
120,97.3913043478261,104.34782608695652,104.34782608695652,109.56521739130434,97.3913043478261,114.78260869565217,,,,,111.30434782608695,104.34782608695652,,,278.2608695652174,208.69565217391303,,,,,,,,,,,,,97.3913043478261,104.34782608695652,97.3913043478261,99.1304347826087,90.43478260869566,109.56521739130434,104.34782608695652,99.1304347826087
121,97.3913043478261,104.34782608695652,111.30434782608695,109.56521739130434,97.3913043478261,114.78260869565217,,,,,,,,,278.2608695652174,208.69565217391303,,,,,,,,,,,,,97.3913043478261,104.34782608695652,97.3913043478261,99.1304347826087,,,104.34782608695652,99.1304347826087
122,97.3913043478261,104.34782608695652,104.34782608695652,109.56521739130434,97.3913043478261,114.78260869565217,,,,,111.30434782608695,104.34782608695652,,,278.2608695652174,208.69565217391303,,,,,,,,,,,,,97.3913043478261,104.34782608695652,97.3913043478261,99.1304347826087,90.43478260869566,109.56521739130434,104.34782608695652,99.1304347826087
123,97.3913043478261,104.34782608695652,111.30434782608695,109.56521739130434,,,,,278.2608695652174,208.69565217391303,,,,,278.2608695652174,208.69565217391303,,,,,,,,,,,,,97.3913043478261,104.34782608695652,97.3913043478261,99.1304347826087,,,,
124,97.3913043478261,104.34782608695652,104.34782608695652,109.56521739130434,97.3913043478261,114.78260869565217,,,,,118.26086956521739,104.34782608695652,,,278.2608695652174,208.69565217391303,,,,,,,,,,,,,97.3913043478261,104.34782608695652,97.3913043478261,99.1304347826087,90.43478260869566,109.56521739130434,104.34782608695652,99.1304347826087
125,97.3913043478261,104.34782608695652,104.34782608695652,109.56521739130434,97.3913043478261,114.78260869565217,,,,,118.26086956521739,104.34782608695652,125.21739130434783,104.34782608695652,278.2608695652174,208.69565217391303,125.21739130434783,120.0,,,,,132.17391304347825,114.78260869565217,139.1304347826087,104.34782608695652,,,97.3913043478261,104.34782608695652,97.3913043478261,99.1304347826087,90.43478260869566,109.56521739130434,104.34782608695652,99.1304347826087
126,97.3913043478261,104.34782608695652,104.34782608695652,109.56521739130434,97.3913043478261,114.78260869565217,,,,,118.26086956521739,104.34782608695652,,,278.2608695652174,208.69565217391303,,,,,,,,,,,,,97.3913043478261,104.34782608695652,97.3913043478261,99.1304347826087,90.43478260869566,109.56521739130434,104.34782608695652,99.1304347826087
127,97.3913043478261,104.34782608695652,104.34782608695652,109.56521739130434,97.3913043478261,114.78260869565217,,,,,111.30434782608695,104.34782608695652,125.21739130434783,104.34782608695652,278.2608695652174,208.69565217391303,,,,,,,,,,,,,97.3913043478261,104.34782608695652,97.3913043478261,99.1304347826087,90.43478260869566,109.56521739130434,104.34782608695652,99.1304347826087
128,97.3913043478261,104.34782608695652,104.34782608695652,109.56521739130434,97.3913043478261,114.78260869565217,,,,,111.30434782608695,104.34782608695652,125.21739130434783,104.34782608695652,278.2608695652174,208.69565217391303,125.21739130434783,120.0,,,,,132.17391304347825,114.78260869565217,,,,,97.3913043478261,104.34782608695652,97.3913043478261,99.1304347826087,90.43478260869566,109.56521739130434,104.34782608695652,99.1304347826087
129,97.3913043478261,104.34782608695652,104.34782608695652,109.56521739130434,97.3913043478261,114.78260869565217,,,,,111.30434782608695,104.34782608695652,,,278.2608695652174,208.69565217391303,,,,,,,,,,,,,97.3913043478261,104.34782608695652,97.3913043478261,99.1304347826087,90.43478260869566,104.34782608695652,104.34782608695652,99.1304347826087
130,97.3913043478261,104.34782608695652,104.34782608695652,109.56521739130434,90.43478260869566,114.78260869565217,,,,,,,,,278.2608695652174,208.69565217391303,,,,,,,,,,,,,97.3913043478261,104.34782608695652,97.3913043478261,99.1304347826087,97.3913043478261,104.34782608695652,104.34782608695652,99.1304347826087
131,97.3913043478261,104.34782608695652,104.34782608695652,109.56521739130434,90.43478260869566,114.78260869565217,,,,,111.30434782608695,109.56521739130434,,,278.2608695652174,208.69565217391303,,,,,,,,,,,,,97.3913043478261,104.34782608695652,97.3913043478261,99.1304347826087,90.43478260869566,104.34782608695652,104.34782608695652,104.34782608695652
132,97.3913043478261,104.34782608695652,104.34782608695652,109.56521739130434,90.43478260869566,114.78260869565217,,,,,111.30434782608695,109.56521739130434,,,278.2608695652174,208.69565217391303,,,,,,,,,,,,,97.3913043478261,104.34782608695652,97.3913043478261,99.1304347826087,90.43478260869566,104.34782608695652,104.34782608695652,104.34782608695652
133,97.3913043478261,104.34782608695652,104.34782608695652,109.56521739130434,90.43478260869566,114.78260869565217,,,278.2608695652174,208.69565217391303,111.30434782608695,109.56521739130434,,,278.2608695652174,208.69565217391303,,,,,,,,,,,,,97.3913043478261,104.34782608695652,97.3913043478261,99.1304347826087,90.43478260869566,104.34782608695652,104.34782608695652,104.34782608695652
134,97.3913043478261,104.34782608695652,104.34782608695652,109.56521739130434,90.43478260869566,114.78260869565217,,,278.2608695652174,208.69565217391303,111.30434782608695,109.56521739130434,,,278.2608695652174,208.69565217391303,,,,,,,,,,,,,97.3913043478261,104.34782608695652,97.3913043478261,99.1304347826087,90.43478260869566,104.34782608695652,104.34782608695652,104.34782608695652
135,97.3913043478261,104.34782608695652,104.34782608695652,109.56521739130434,90.43478260869566,114.78260869565217,,,,,,,,,278.2608695652174,208.69565217391303,,,,,,,,,,,,,97.3913043478261,104.34782608695652,97.3913043478261,99.1304347826087,,,,
136,97.3913043478261,104.34782608695652,104.34782608695652,109.56521739130434,90.43478260869566,114.78260869565217,,,,,,,,,278.2608695652174,208.69565217391303,,,,,,,,,,,,,97.3913043478261,104.34782608695652,97.3913043478261,99.1304347826087,,,,
137,97.3913043478261,104.34782608695652,104.34782608695652,109.56521739130434,97.3913043478261,114.78260869565217,,,,,111.30434782608695,104.34782608695652,,,278.2608695652174,208.69565217391303,125.21739130434783,114.78260869565217,,,166.95652173913044,114.78260869565217,132.17391304347825,104.34782608695652,,,,,97.3913043478261,104.34782608695652,97.3913043478261,99.1304347826087,97.3913043478261,104.34782608695652,97.3913043478261,104.34782608695652
138,97.3913043478261,104.34782608695652,104.34782608695652,109.56521739130434,97.3913043478261,114.78260869565217,,,166.95652173913044,114.78260869565217,111.30434782608695,104.34782608695652,,,278.2608695652174,208.69565217391303,125.21739130434783,114.78260869565217,,,173.91304347826087,114.78260869565217,132.17391304347825,104.34782608695652,,,166.95652173913044,114.78260869565217,97.3913043478261,104.34782608695652,97.3913043478261,99.1304347826087,90.43478260869566,104.34782608695652,97.3913043478261,99.1304347826087
139,104.34782608695652,99.1304347826087,,,,,,,,,,,118.26086956521739,120.0,278.2608695652174,208.69565217391303,,,,,,,,,,,,,104.34782608695652,99.1304347826087,,,97.3913043478261,104.34782608695652,,
140,,,118.26086956521739,104.34782608695652,,,,,,,118.26086956521739,104.34782608695652,118.26086956521739,120.0,278.2608695652174,208.69565217391303,,,,,,,,,,,,,,,90.43478260869566,109.56521739130434,,,97.3913043478261,99.1304347826087
141,104.34782608695652,99.1304347826087,111.30434782608695,104.34782608695652,104.34782608695652,114.78260869565217,111.30434782608695,120.0,83.47826086956522,120.0,111.30434782608695,99.1304347826087,125.21739130434783,93.91304347826087,278.2608695652174,208.69565217391303,132.17391304347825,120.0,139.1304347826087,99.1304347826087,153.04347826086956,120.0,139.1304347826087,109.56521739130434,146.08695652173913,99.1304347826087,166.95652173913044,114.78260869565217,97.3913043478261,99.1304347826087,97.3913043478261,93.91304347826087,97.3913043478261,104.34782608695652,,
142,104.34782608695652,99.1304347826087,,,90.43478260869566,114.78260869565217,,,,,,,,,278.2608695652174,208.69565217391303,,,,,,,,,,,,,97.3913043478261,99.1304347826087,97.3913043478261,99.1304347826087,97.3913043478261,99.1304347826087,,
143,,,,,,,,,,,,,,,278.2608695652174,208.69565217391303,,,,,,,,,,,,,,,,,,,,
144,,,,,,,,,,,,,,,278.2608695652174,208.69565217391303,,,,,,,,,,,,,,,,,97.3913043478261,99.1304347826087,,
145,104.34782608695652,99.1304347826087,97.3913043478261,109.56521739130434,90.43478260869566,114.78260869565217,,,,,,,,,278.2608695652174,208.69565217391303,125.21739130434783,109.56521739130434,153.04347826086956,93.91304347826087,146.08695652173913,120.0,139.1304347826087,109.56521739130434,153.04347826086956,93.91304347826087,146.08695652173913,120.0,97.3913043478261,99.1304347826087,,,97.3913043478261,99.1304347826087,,
146,,,,,,,,,278.2608695652174,208.69565217391303,,,,,278.2608695652174,208.69565217391303,118.26086956521739,109.56521739130434,111.30434782608695,104.34782608695652,111.30434782608695,120.0,132.17391304347825,109.56521739130434,153.04347826086956,93.91304347826087,146.08695652173913,120.0,,,,,,,,
147,97.3913043478261,99.1304347826087,104.34782608695652,109.56521739130434,104.34782608695652,109.56521739130434,,,,,104.34782608695652,104.34782608695652,,,278.2608695652174,208.69565217391303,125.21739130434783,120.0,146.08695652173913,99.1304347826087,146.08695652173913,120.0,132.17391304347825,114.78260869565217,146.08695652173913,99.1304347826087,146.08695652173913,120.0,97.3913043478261,99.1304347826087,97.3913043478261,99.1304347826087,97.3913043478261,99.1304347826087,,
148,104.34782608695652,99.1304347826087,104.34782608695652,109.56521739130434,104.34782608695652,109.56521739130434,,,,,111.30434782608695,104.34782608695652,,,278.2608695652174,208.69565217391303,125.21739130434783,120.0,146.08695652173913,99.1304347826087,173.91304347826087,114.78260869565217,132.17391304347825,120.0,146.08695652173913,104.34782608695652,,,97.3913043478261,99.1304347826087,97.3913043478261,99.1304347826087,97.3913043478261,99.1304347826087,,
149,104.34782608695652,93.91304347826087,111.30434782608695,104.34782608695652,104.34782608695652,109.56521739130434,,,,,111.30434782608695,104.34782608695652,125.21739130434783,104.34782608695652,278.2608695652174,208.69565217391303,125.21739130434783,120.0,146.08695652173913,99.1304347826087,173.91304347826087,120.0,132.17391304347825,114.78260869565217,146.08695652173913,99.1304347826087,173.91304347826087,120.0,104.34782608695652,99.1304347826087,104.34782608695652,99.1304347826087,97.3913043478261,99.1304347826087,,
150,,,111.30434782608695,104.34782608695652,104.34782608695652,109.56521739130434,,,,,111.30434782608695,104.34782608695652,,,278.2608695652174,208.69565217391303,,,,,,,,,,,,,,,,,97.3913043478261,99.1304347826087,,
151,,,111.30434782608695,104.34782608695652,111.30434782608695,104.34782608695652,125.21739130434783,114.78260869565217,,,104.34782608695652,104.34782608695652,,,278.2608695652174,208.69565217391303,132.17391304347825,114.78260869565217,146.08695652173913,99.1304347826087,166.95652173913044,120.0,139.1304347826087,114.78260869565217,,,,,,,,,97.3913043478261,99.1304347826087,,
152,,,111.30434782608695,104.34782608695652,111.30434782608695,104.34782608695652,,,,,111.30434782608695,104.34782608695652,,,278.2608695652174,208.69565217391303,,,,,,,,,,,,,,,,,,,,
153,,,111.30434782608695,104.34782608695652,111.30434782608695,104.34782608695652,,,,,111.30434782608695,104.34782608695652,,,278.2608695652174,208.69565217391303,,,,,,,,,,,,,,,,,,,,
154,,,111.30434782608695,104.34782608695652,111.30434782608695,104.34782608695652,,,160.0,104.34782608695652,111.30434782608695,104.34782608695652,,,278.2608695652174,208.69565217391303,,,,,,,,,,,,,,,,,,,97.3913043478261,104.34782608695652
155,,,111.30434782608695,104.34782608695652,111.30434782608695,104.34782608695652,,,278.2608695652174,208.69565217391303,111.30434782608695,104.34782608695652,,,278.2608695652174,208.69565217391303,,,153.04347826086956,104.34782608695652,160.0,109.56521739130434,,,,,,,,,,,,,,
156,,,111.30434782608695,104.34782608695652,111.30434782608695,104.34782608695652,,,278.2608695652174,208.69565217391303,111.30434782608695,104.34782608695652,,,278.2608695652174,208.69565217391303,,,,,,,,,,,,,,,,,,,,
157,,,118.26086956521739,104.34782608695652,111.30434782608695,104.34782608695652,,,,,111.30434782608695,104.34782608695652,,,278.2608695652174,208.69565217391303,,,,,,,,,,,,,,,,,,,,
158,,,,,,,,,,,,,,,278.2608695652174,208.69565217391303,,,,,,,,,,,,,,,,,,,,
159,,,,,,,,,,,,,,,278.2608695652174,208.69565217391303,,,,,,,,,,,,,,,,,,,,
160,,,,,,,,,,,,,,,278.2608695652174,208.69565217391303,,,,,,,,,,,,,,,,,,,,
161,,,,,,,,,,,,,,,278.2608695652174,208.69565217391303,,,,,,,,,,,,,,,,,,,,
162,,,,,,,,,,,111.30434782608695,104.34782608695652,,,278.2608695652174,208.69565217391303,,,,,,,,,,,,,,,,,,,,
163,,,,,111.30434782608695,104.34782608695652,,,278.2608695652174,208.69565217391303,111.30434782608695,104.34782608695652,,,278.2608695652174,208.69565217391303,,,,,,,,,,,,,,,,,,,,
164,,,,,,,,,278.2608695652174,208.69565217391303,111.30434782608695,104.34782608695652,,,278.2608695652174,208.69565217391303,,,,,,,,,,,,,,,,,,,,
165,,,,,,,,,,,111.30434782608695,104.34782608695652,,,278.2608695652174,208.69565217391303,,,,,,,,,,,,,,,,,,,,
166,,,111.30434782608695,104.34782608695652,111.30434782608695,104.34782608695652,,,,,111.30434782608695,104.34782608695652,,,278.2608695652174,208.69565217391303,,,,,,,,,,,,,,,,,,,,
167,,,111.30434782608695,104.34782608695652,111.30434782608695,104.34782608695652,,,278.2608695652174,208.69565217391303,111.30434782608695,104.34782608695652,,,278.2608695652174,208.69565217391303,,,,,,,,,,,,,,,,,,,,
168,,,,,,,,,,,,,,,278.2608695652174,208.69565217391303,,,,,,,,,,,,,,,,,,,,
169,,,,,,,,,,,,,,,278.2608695652174,208.69565217391303,,,,,,,,,,,,,,,,,,,,
170,,,,,,,,,,,,,,,278.2608695652174,208.69565217391303,,,,,,,,,,,,,,,,,,,,
171,,,,,,,,,,,,,,,278.2608695652174,208.69565217391303,,,,,,,,,,,,,,,,,,,,
172,,,,,,,,,,,,,,,278.2608695652174,208.69565217391303,,,173.91304347826087,109.56521739130434,,,,,,,,,,,,,,,,
173,,,,,,,,,,,,,,,278.2608695652174,208.69565217391303,,,,,,,,,,,104.34782608695652,109.56521739130434,,,,,,,,
174,,,,,,,,,278.2608695652174,208.69565217391303,,,,,278.2608695652174,208.69565217391303,,,,,,,,,,,90.43478260869566,114.78260869565217,,,,,,,,
175,,,,,,,,,,,,,,,278.2608695652174,208.69565217391303,,,,,,,,,,,,,,,,,,,,
176,,,,,,,,,,,,,,,278.2608695652174,208.69565217391303,,,,,,,,,,,,,,,,,,,,
177,,,,,,,,,,,,,,,278.2608695652174,208.69565217391303,,,,,,,,,,,,,,,,,,,,
178,,,,,,,,,,,,,,,278.2608695652174,208.69565217391303,,,,,,,,,,,,,,,,,,,,
179,,,,,,,,,,,,,,,278.2608695652174,208.69565217391303,,,,,,,,,,,,,,,,,,,,
180,,,,,,,,,278.2608695652174,177.3913043478261,,,,,278.2608695652174,208.69565217391303,,,,,,,,,,,,,,,,,,,,
181,,,,,,,,,,,,,,,278.2608695652174,208.69565217391303,,,,,,,,,,,,,,,,,,,,
182,,,,,,,,,,,,,,,278.2608695652174,208.69565217391303,,,,,,,,,,,,,,,,,,,,
183,,,,,,,,,,,,,,,278.2608695652174,208.69565217391303,,,,,,,,,,,,,,,,,,,,
184,,,,,,,,,,,,,,,278.2608695652174,208.69565217391303,,,,,,,,,,,,,,,,,,,,
185,,,166.95652173913044,109.56521739130434,,,,,,,166.95652173913044,109.56521739130434,,,278.2608695652174,208.69565217391303,,,,,,,,,,,,,,,,,,,,
186,,,,,,,,,,,,,,,278.2608695652174,208.69565217391303,,,,,,,,,,,,,,,,,,,,
187,,,,,,,,,,,,,,,278.2608695652174,208.69565217391303,,,,,,,,,,,,,,,,,,,,
188,,,,,,,,,,,,,,,278.2608695652174,208.69565217391303,,,,,,,,,,,,,,,,,,,,
189,,,,,,,,,,,,,,,278.2608695652174,208.69565217391303,,,,,,,,,,,,,,,,,,,,
190,,,,,,,,,,,,,,,278.2608695652174,208.69565217391303,,,,,,,,,,,,,,,,,,,,
191,,,,,,,,,,,,,,,278.2608695652174,208.69565217391303,,,,,,,,,,,,,,,,,,,,
192,,,,,,,,,,,,,,,278.2608695652174,208.69565217391303,,,,,,,,,,,,,,,,,,,,
193,,,,,,,,,,,,,,,278.2608695652174,208.69565217391303,,,,,,,,,,,,,,,,,,,,
194,,,,,,,,,278.2608695652174,208.69565217391303,,,,,278.2608695652174,208.69565217391303,,,,,,,,,,,,,,,,,,,,
195,,,,,,,,,,,,,,,278.2608695652174,208.69565217391303,,,,,,,,,111.30434782608695,78.26086956521739,,,,,,,,,,
196,,,,,,,,,,,,,,,278.2608695652174,208.69565217391303,,,,,,,,,,,,,,,,,,,,
197,,,173.91304347826087,125.21739130434783,187.82608695652175,130.43478260869566,,,,,,,,,278.2608695652174,208.69565217391303,,,,,,,,,,,,,,,,,180.8695652173913,114.78260869565217,173.91304347826087,109.56521739130434
198,180.8695652173913,114.78260869565217,166.95652173913044,114.78260869565217,187.82608695652175,130.43478260869566,160.0,93.91304347826087,,,180.8695652173913,130.43478260869566,132.17391304347825,125.21739130434783,278.2608695652174,208.69565217391303,,,,,,,,,,,,,180.8695652173913,114.78260869565217,180.8695652173913,114.78260869565217,180.8695652173913,114.78260869565217,180.8695652173913,114.78260869565217
199,180.8695652173913,114.78260869565217,160.0,114.78260869565217,153.04347826086956,109.56521739130434,,,,,180.8695652173913,130.43478260869566,,,278.2608695652174,208.69565217391303,,,,,,,,,,,,,180.8695652173913,114.78260869565217,180.8695652173913,114.78260869565217,173.91304347826087,109.56521739130434,,
200,180.8695652173913,114.78260869565217,166.95652173913044,120.0,160.0,120.0,153.04347826086956,99.1304347826087,,,180.8695652173913,125.21739130434783,,,278.2608695652174,208.69565217391303,139.1304347826087,104.34782608695652,,,,,,,,,83.47826086956522,120.0,180.8695652173913,114.78260869565217,180.8695652173913,114.78260869565217,173.91304347826087,109.56521739130434,194.7826086956522,114.78260869565217
201,180.8695652173913,114.78260869565217,166.95652173913044,125.21739130434783,160.0,125.21739130434783,,,,,187.82608695652175,125.21739130434783,,,278.2608695652174,208.69565217391303,,,,,,,,,,,,,173.91304347826087,114.78260869565217,180.8695652173913,114.78260869565217,166.95652173913044,109.56521739130434,187.82608695652175,114.78260869565217
202,173.91304347826087,120.0,166.95652173913044,114.78260869565217,166.95652173913044,104.34782608695652,153.04347826086956,99.1304347826087,160.0,114.78260869565217,173.91304347826087,125.21739130434783,,,278.2608695652174,208.69565217391303,146.08695652173913,104.34782608695652,146.08695652173913,109.56521739130434,90.43478260869566,114.78260869565217,160.0,109.56521739130434,125.21739130434783,120.0,97.3913043478261,114.78260869565217,180.8695652173913,114.78260869565217,180.8695652173913,120.0,173.91304347826087,109.56521739130434,,
203,180.8695652173913,114.78260869565217,173.91304347826087,114.78260869565217,166.95652173913044,109.56521739130434,153.04347826086956,104.34782608695652,166.95652173913044,120.0,180.8695652173913,120.0,,,278.2608695652174,208.69565217391303,139.1304347826087,109.56521739130434,,,,,146.08695652173913,114.78260869565217,118.26086956521739,120.0,90.43478260869566,114.78260869565217,180.8695652173913,114.78260869565217,180.8695652173913,114.78260869565217,173.91304347826087,109.56521739130434,180.8695652173913,114.78260869565217
204,173.91304347826087,114.78260869565217,173.91304347826087,114.78260869565217,166.95652173913044,109.56521739130434,153.04347826086956,109.56521739130434,166.95652173913044,120.0,180.8695652173913,125.21739130434783,,,278.2608695652174,208.69565217391303,,,,,,,,,,,,,173.91304347826087,114.78260869565217,180.8695652173913,114.78260869565217,173.91304347826087,109.56521739130434,180.8695652173913,114.78260869565217
205,173.91304347826087,114.78260869565217,173.91304347826087,125.21739130434783,160.0,120.0,153.04347826086956,99.1304347826087,,,180.8695652173913,130.43478260869566,,,278.2608695652174,208.69565217391303,,,,,,,,,,,,,173.91304347826087,114.78260869565217,173.91304347826087,114.78260869565217,173.91304347826087,114.78260869565217,180.8695652173913,114.78260869565217
206,173.91304347826087,114.78260869565217,173.91304347826087,125.21739130434783,166.95652173913044,120.0,153.04347826086956,109.56521739130434,166.95652173913044,120.0,180.8695652173913,125.21739130434783,,,278.2608695652174,208.69565217391303,,,,,,,,,,,,,173.91304347826087,114.78260869565217,173.91304347826087,114.78260869565217,173.91304347826087,114.78260869565217,173.91304347826087,114.78260869565217
207,173.91304347826087,114.78260869565217,173.91304347826087,120.0,166.95652173913044,109.56521739130434,153.04347826086956,114.78260869565217,166.95652173913044,120.0,180.8695652173913,125.21739130434783,,,278.2608695652174,208.69565217391303,,,,,,,,,,,,,173.91304347826087,114.78260869565217,173.91304347826087,114.78260869565217,173.91304347826087,114.78260869565217,173.91304347826087,114.78260869565217
208,173.91304347826087,114.78260869565217,173.91304347826087,120.0,166.95652173913044,114.78260869565217,153.04347826086956,114.78260869565217,166.95652173913044,120.0,180.8695652173913,125.21739130434783,,,278.2608695652174,208.69565217391303,,,,,,,,,,,,,173.91304347826087,114.78260869565217,173.91304347826087,114.78260869565217,173.91304347826087,114.78260869565217,180.8695652173913,120.0
209,173.91304347826087,114.78260869565217,173.91304347826087,125.21739130434783,160.0,120.0,153.04347826086956,109.56521739130434,,,187.82608695652175,130.43478260869566,,,278.2608695652174,208.69565217391303,,,,,90.43478260869566,114.78260869565217,,,,,118.26086956521739,120.0,173.91304347826087,114.78260869565217,173.91304347826087,114.78260869565217,173.91304347826087,114.78260869565217,173.91304347826087,114.78260869565217
210,173.91304347826087,114.78260869565217,173.91304347826087,125.21739130434783,160.0,114.78260869565217,153.04347826086956,99.1304347826087,278.2608695652174,208.69565217391303,187.82608695652175,130.43478260869566,,,278.2608695652174,208.69565217391303,,,,,,,,,,,,,173.91304347826087,114.78260869565217,173.91304347826087,114.78260869565217,173.91304347826087,114.78260869565217,173.91304347826087,114.78260869565217
211,173.91304347826087,120.0,173.91304347826087,120.0,166.95652173913044,114.78260869565217,153.04347826086956,99.1304347826087,160.0,114.78260869565217,187.82608695652175,130.43478260869566,,,278.2608695652174,208.69565217391303,146.08695652173913,104.34782608695652,,,,,,,,,,,173.91304347826087,120.0,173.91304347826087,120.0,173.91304347826087,114.78260869565217,173.91304347826087,114.78260869565217
212,173.91304347826087,120.0,173.91304347826087,120.0,166.95652173913044,109.56521739130434,153.04347826086956,99.1304347826087,,,187.82608695652175,130.43478260869566,,,278.2608695652174,208.69565217391303,,,,,,,,,,,,,173.91304347826087,120.0,173.91304347826087,120.0,173.91304347826087,114.78260869565217,173.91304347826087,114.78260869565217
213,173.91304347826087,120.0,166.95652173913044,120.0,166.95652173913044,109.56521739130434,153.04347826086956,99.1304347826087,,,187.82608695652175,130.43478260869566,,,278.2608695652174,208.69565217391303,146.08695652173913,104.34782608695652,146.08695652173913,104.34782608695652,90.43478260869566,114.78260869565217,,,,,118.26086956521739,120.0,173.91304347826087,120.0,173.91304347826087,120.0,173.91304347826087,114.78260869565217,173.91304347826087,114.78260869565217
214,173.91304347826087,125.21739130434783,166.95652173913044,120.0,166.95652173913044,109.56521739130434,153.04347826086956,99.1304347826087,,,187.82608695652175,130.43478260869566,,,278.2608695652174,208.69565217391303,146.08695652173913,104.34782608695652,,,,,,,,,,,173.91304347826087,120.0,173.91304347826087,120.0,173.91304347826087,114.78260869565217,,
215,173.91304347826087,120.0,173.91304347826087,120.0,166.95652173913044,109.56521739130434,153.04347826086956,99.1304347826087,,,187.82608695652175,130.43478260869566,,,278.2608695652174,208.69565217391303,,,146.08695652173913,104.34782608695652,125.21739130434783,120.0,,,,,,,173.91304347826087,114.78260869565217,173.91304347826087,120.0,173.91304347826087,114.78260869565217,173.91304347826087,114.78260869565217
216,173.91304347826087,120.0,173.91304347826087,120.0,160.0,114.78260869565217,153.04347826086956,99.1304347826087,160.0,114.78260869565217,187.82608695652175,130.43478260869566,,,278.2608695652174,208.69565217391303,,,,,,,,,,,,,173.91304347826087,120.0,173.91304347826087,120.0,173.91304347826087,114.78260869565217,173.91304347826087,114.78260869565217
217,173.91304347826087,120.0,173.91304347826087,120.0,166.95652173913044,114.78260869565217,153.04347826086956,99.1304347826087,,,187.82608695652175,130.43478260869566,,,278.2608695652174,208.69565217391303,146.08695652173913,104.34782608695652,146.08695652173913,104.34782608695652,118.26086956521739,114.78260869565217,,,,,118.26086956521739,120.0,173.91304347826087,120.0,173.91304347826087,120.0,173.91304347826087,114.78260869565217,173.91304347826087,114.78260869565217
218,173.91304347826087,125.21739130434783,166.95652173913044,120.0,160.0,114.78260869565217,153.04347826086956,99.1304347826087,278.2608695652174,208.69565217391303,187.82608695652175,130.43478260869566,,,278.2608695652174,208.69565217391303,146.08695652173913,104.34782608695652,,,,,,,,,,,173.91304347826087,120.0,173.91304347826087,120.0,173.91304347826087,114.78260869565217,173.91304347826087,114.78260869565217
219,173.91304347826087,120.0,166.95652173913044,120.0,160.0,114.78260869565217,153.04347826086956,99.1304347826087,,,187.82608695652175,130.43478260869566,,,278.2608695652174,208.69565217391303,146.08695652173913,104.34782608695652,,,,,,,,,,,173.91304347826087,120.0,173.91304347826087,120.0,173.91304347826087,114.78260869565217,173.91304347826087,114.78260869565217
220,173.91304347826087,120.0,173.91304347826087,120.0,160.0,114.78260869565217,153.04347826086956,99.1304347826087,,,187.82608695652175,130.43478260869566,,,278.2608695652174,208.69565217391303,146.08695652173913,104.34782608695652,,,,,,,,,,,173.91304347826087,120.0,173.91304347826087,120.0,173.91304347826087,114.78260869565217,173.91304347826087,114.78260869565217
221,173.91304347826087,120.0,173.91304347826087,120.0,160.0,114.78260869565217,153.04347826086956,99.1304347826087,,,187.82608695652175,130.43478260869566,,,278.2608695652174,208.69565217391303,,,,,,,,,,,,,173.91304347826087,120.0,173.91304347826087,120.0,173.91304347826087,114.78260869565217,173.91304347826087,114.78260869565217
222,173.91304347826087,120.0,173.91304347826087,120.0,160.0,114.78260869565217,153.04347826086956,99.1304347826087,278.2608695652174,208.69565217391303,187.82608695652175,130.43478260869566,,,278.2608695652174,208.69565217391303,,,146.08695652173913,104.34782608695652,,,,,,,118.26086956521739,120.0,173.91304347826087,114.78260869565217,173.91304347826087,114.78260869565217,173.91304347826087,114.78260869565217,173.91304347826087,114.78260869565217
223,173.91304347826087,120.0,173.91304347826087,120.0,166.95652173913044,114.78260869565217,153.04347826086956,99.1304347826087,,,187.82608695652175,130.43478260869566,,,278.2608695652174,208.69565217391303,146.08695652173913,104.34782608695652,,,,,,,,,,,173.91304347826087,114.78260869565217,173.91304347826087,114.78260869565217,173.91304347826087,114.78260869565217,173.91304347826087,114.78260869565217
224,173.91304347826087,120.0,173.91304347826087,120.0,160.0,114.78260869565217,153.04347826086956,99.1304347826087,,,187.82608695652175,130.43478260869566,,,278.2608695652174,208.69565217391303,146.08695652173913,104.34782608695652,,,,,,,,,,,173.91304347826087,114.78260869565217,173.91304347826087,120.0,173.91304347826087,114.78260869565217,173.91304347826087,114.78260869565217
225,173.91304347826087,120.0,173.91304347826087,120.0,166.95652173913044,114.78260869565217,153.04347826086956,99.1304347826087,,,187.82608695652175,130.43478260869566,,,278.2608695652174,208.69565217391303,146.08695652173913,104.34782608695652,,,,,,,,,118.26086956521739,120.0,173.91304347826087,114.78260869565217,173.91304347826087,120.0,173.91304347826087,114.78260869565217,173.91304347826087,114.78260869565217
226,173.91304347826087,120.0,173.91304347826087,125.21739130434783,160.0,120.0,153.04347826086956,99.1304347826087,,,187.82608695652175,130.43478260869566,,,278.2608695652174,208.69565217391303,,,,,,,,,,,,,173.91304347826087,114.78260869565217,173.91304347826087,114.78260869565217,173.91304347826087,114.78260869565217,173.91304347826087,114.78260869565217
227,173.91304347826087,120.0,173.91304347826087,120.0,160.0,114.78260869565217,153.04347826086956,99.1304347826087,,,187.82608695652175,130.43478260869566,,,278.2608695652174,208.69565217391303,,,,,,,,,,,,,173.91304347826087,114.78260869565217,173.91304347826087,120.0,173.91304347826087,114.78260869565217,173.91304347826087,114.78260869565217
228,173.91304347826087,120.0,166.95652173913044,120.0,160.0,114.78260869565217,153.04347826086956,99.1304347826087,,,187.82608695652175,130.43478260869566,,,278.2608695652174,208.69565217391303,146.08695652173913,104.34782608695652,,,,,,,,,118.26086956521739,120.0,173.91304347826087,120.0,173.91304347826087,120.0,173.91304347826087,114.78260869565217,173.91304347826087,114.78260869565217
229,173.91304347826087,120.0,173.91304347826087,120.0,160.0,114.78260869565217,153.04347826086956,99.1304347826087,,,187.82608695652175,130.43478260869566,,,278.2608695652174,208.69565217391303,,,,,,,,,,,,,173.91304347826087,114.78260869565217,173.91304347826087,114.78260869565217,173.91304347826087,114.78260869565217,173.91304347826087,114.78260869565217
230,173.91304347826087,120.0,173.91304347826087,120.0,166.95652173913044,114.78260869565217,153.04347826086956,99.1304347826087,,,187.82608695652175,130.43478260869566,,,278.2608695652174,208.69565217391303,146.08695652173913,104.34782608695652,146.08695652173913,104.34782608695652,,,,,,,118.26086956521739,120.0,173.91304347826087,114.78260869565217,173.91304347826087,120.0,173.91304347826087,114.78260869565217,173.91304347826087,114.78260869565217
231,173.91304347826087,120.0,173.91304347826087,120.0,160.0,114.78260869565217,153.04347826086956,99.1304347826087,,,187.82608695652175,130.43478260869566,,,278.2608695652174,208.69565217391303,,,,,,,,,,,,,173.91304347826087,114.78260869565217,173.91304347826087,114.78260869565217,166.95652173913044,114.78260869565217,180.8695652173913,120.0
232,173.91304347826087,120.0,173.91304347826087,120.0,166.95652173913044,109.56521739130434,153.04347826086956,99.1304347826087,,,187.82608695652175,130.43478260869566,,,278.2608695652174,208.69565217391303,146.08695652173913,104.34782608695652,146.08695652173913,104.34782608695652,,,153.04347826086956,109.56521739130434,,,118.26086956521739,120.0,173.91304347826087,120.0,173.91304347826087,120.0,173.91304347826087,114.78260869565217,173.91304347826087,114.78260869565217
233,173.91304347826087,120.0,173.91304347826087,120.0,166.95652173913044,114.78260869565217,153.04347826086956,99.1304347826087,278.2608695652174,208.69565217391303,187.82608695652175,130.43478260869566,,,278.2608695652174,208.69565217391303,146.08695652173913,104.34782608695652,146.08695652173913,104.34782608695652,90.43478260869566,114.78260869565217,,,,,,,173.91304347826087,114.78260869565217,173.91304347826087,120.0,173.91304347826087,114.78260869565217,173.91304347826087,114.78260869565217
234,173.91304347826087,120.0,166.95652173913044,120.0,160.0,114.78260869565217,153.04347826086956,99.1304347826087,,,187.82608695652175,130.43478260869566,,,278.2608695652174,208.69565217391303,146.08695652173913,104.34782608695652,,,,,,,,,,,173.91304347826087,120.0,173.91304347826087,120.0,173.91304347826087,114.78260869565217,173.91304347826087,114.78260869565217
235,173.91304347826087,120.0,173.91304347826087,120.0,160.0,114.78260869565217,153.04347826086956,99.1304347826087,,,187.82608695652175,130.43478260869566,,,278.2608695652174,208.69565217391303,,,,,,,,,,,,,173.91304347826087,114.78260869565217,173.91304347826087,114.78260869565217,173.91304347826087,114.78260869565217,173.91304347826087,114.78260869565217
236,173.91304347826087,120.0,173.91304347826087,120.0,166.95652173913044,109.56521739130434,153.04347826086956,99.1304347826087,,,187.82608695652175,130.43478260869566,,,278.2608695652174,208.69565217391303,146.08695652173913,104.34782608695652,146.08695652173913,104.34782608695652,90.43478260869566,114.78260869565217,,,,,118.26086956521739,120.0,173.91304347826087,120.0,173.91304347826087,120.0,173.91304347826087,114.78260869565217,173.91304347826087,114.78260869565217
237,173.91304347826087,120.0,173.91304347826087,120.0,160.0,114.78260869565217,153.04347826086956,99.1304347826087,,,187.82608695652175,130.43478260869566,,,278.2608695652174,208.69565217391303,,,,,,,,,,,,,173.91304347826087,114.78260869565217,173.91304347826087,114.78260869565217,173.91304347826087,114.78260869565217,173.91304347826087,114.78260869565217
238,173.91304347826087,120.0,173.91304347826087,120.0,160.0,114.78260869565217,153.04347826086956,99.1304347826087,,,187.82608695652175,130.43478260869566,,,278.2608695652174,208.69565217391303,,,,,,,,,,,118.26086956521739,120.0,173.91304347826087,114.78260869565217,173.91304347826087,120.0,173.91304347826087,114.78260869565217,173.91304347826087,114.78260869565217
239,173.91304347826087,120.0,173.91304347826087,120.0,166.95652173913044,114.78260869565217,153.04347826086956,99.1304347826087,,,187.82608695652175,130.43478260869566,,,278.2608695652174,208.69565217391303,146.08695652173913,104.34782608695652,,,,,,,,,,,173.91304347826087,114.78260869565217,173.91304347826087,114.78260869565217,173.91304347826087,114.78260869565217,173.91304347826087,114.78260869565217
240,173.91304347826087,120.0,173.91304347826087,120.0,160.0,114.78260869565217,153.04347826086956,99.1304347826087,,,187.82608695652175,130.43478260869566,,,278.2608695652174,208.69565217391303,,,,,,,,,,,118.26086956521739,120.0,173.91304347826087,114.78260869565217,173.91304347826087,120.0,173.91304347826087,114.78260869565217,173.91304347826087,114.78260869565217
241,173.91304347826087,120.0,166.95652173913044,120.0,160.0,114.78260869565217,153.04347826086956,99.1304347826087,,,187.82608695652175,130.43478260869566,,,278.2608695652174,208.69565217391303,146.08695652173913,104.34782608695652,,,,,,,,,,,173.91304347826087,114.78260869565217,173.91304347826087,120.0,173.91304347826087,114.78260869565217,173.91304347826087,114.78260869565217
242,173.91304347826087,120.0,173.91304347826087,120.0,166.95652173913044,114.78260869565217,153.04347826086956,99.1304347826087,,,187.82608695652175,130.43478260869566,,,278.2608695652174,208.69565217391303,,,,,,,,,,,,,173.91304347826087,114.78260869565217,173.91304347826087,120.0,173.91304347826087,114.78260869565217,173.91304347826087,114.78260869565217
243,173.91304347826087,120.0,166.95652173913044,120.0,160.0,114.78260869565217,153.04347826086956,99.1304347826087,,,187.82608695652175,130.43478260869566,,,278.2608695652174,208.69565217391303,,,,,,,,,,,,,173.91304347826087,120.0,173.91304347826087,120.0,173.91304347826087,114.78260869565217,173.91304347826087,114.78260869565217
244,173.91304347826087,120.0,173.91304347826087,120.0,160.0,114.78260869565217,153.04347826086956,99.1304347826087,,,187.82608695652175,130.43478260869566,,,278.2608695652174,208.69565217391303,,,,,118.26086956521739,120.0,,,,,118.26086956521739,120.0,173.91304347826087,114.78260869565217,173.91304347826087,120.0,173.91304347826087,114.78260869565217,173.91304347826087,114.78260869565217
245,173.91304347826087,120.0,173.91304347826087,125.21739130434783,160.0,120.0,153.04347826086956,99.1304347826087,,,187.82608695652175,130.43478260869566,,,278.2608695652174,208.69565217391303,,,,,,,,,,,,,173.91304347826087,114.78260869565217,173.91304347826087,114.78260869565217,173.91304347826087,114.78260869565217,173.91304347826087,114.78260869565217
246,173.91304347826087,120.0,173.91304347826087,120.0,166.95652173913044,114.78260869565217,153.04347826086956,99.1304347826087,,,187.82608695652175,130.43478260869566,,,278.2608695652174,208.69565217391303,146.08695652173913,104.34782608695652,,,,,,,,,,,173.91304347826087,114.78260869565217,173.91304347826087,120.0,173.91304347826087,114.78260869565217,173.91304347826087,114.78260869565217
247,173.91304347826087,120.0,173.91304347826087,120.0,160.0,114.78260869565217,153.04347826086956,99.1304347826087,,,187.82608695652175,130.43478260869566,,,278.2608695652174,208.69565217391303,,,,,,,,,,,,,173.91304347826087,114.78260869565217,173.91304347826087,120.0,173.91304347826087,114.78260869565217,173.91304347826087,114.78260869565217
248,173.91304347826087,114.78260869565217,173.91304347826087,125.21739130434783,,,,,,,187.82608695652175,125.21739130434783,,,278.2608695652174,208.69565217391303,,,,,,,,,,,,,173.91304347826087,114.78260869565217,173.91304347826087,114.78260869565217,173.91304347826087,114.78260869565217,173.91304347826087,114.78260869565217
249,173.91304347826087,114.78260869565217,173.91304347826087,125.21739130434783,160.0,125.21739130434783,,,,,187.82608695652175,130.43478260869566,,,278.2608695652174,208.69565217391303,,,,,,,,,,,,,173.91304347826087,109.56521739130434,173.91304347826087,109.56521739130434,166.95652173913044,114.78260869565217,180.8695652173913,114.78260869565217
250,173.91304347826087,109.56521739130434,173.91304347826087,125.21739130434783,187.82608695652175,130.43478260869566,,,,,,,,,278.2608695652174,208.69565217391303,,,,,,,,,,,,,173.91304347826087,109.56521739130434,173.91304347826087,109.56521739130434,173.91304347826087,109.56521739130434,180.8695652173913,109.56521739130434
251,,,,,,,,,,,,,,,278.2608695652174,208.69565217391303,,,,,,,,,,,,,,,,,173.91304347826087,109.56521739130434,173.91304347826087,109.56521739130434
252,173.91304347826087,109.56521739130434,,,,,,,,,,,,,278.2608695652174,208.69565217391303,,,,,,,,,,,,,,,173.91304347826087,109.56521739130434,173.91304347826087,104.34782608695652,173.91304347826087,109.56521739130434
253,173.91304347826087,104.34782608695652,173.91304347826087,114.78260869565217,166.95652173913044,114.78260869565217,153.04347826086956,120.0,118.26086956521739,109.56521739130434,180.8695652173913,114.78260869565217,173.91304347826087,125.21739130434783,278.2608695652174,208.69565217391303,,,,,,,,,,,,,173.91304347826087,104.34782608695652,173.91304347826087,104.34782608695652,,,180.8695652173913,104.34782608695652
